0,0,0,0,0.017024042,0,0.000259909,0,0.011306043,0.000389864,0,0.00662768,0.000129955,0,0,0.048862898,0.000129955,0,0,0,0,0.000129955,0,0.003248863,0,0,0,0,0,0,0,0,0,0,0,0.000129955,0,0.009616634,0,0,0,0,0,0,0.000649773,0,0.000129955,0,0,0,0.024301494,0,0,0,0,0,0,0,0,0,0,0,0,0.000129955,0,0.007537362,0,0,0,0,0,0,0,0.000129955,0,0,0,0,0.004158545,0,0,0,0.010396361,0,0,0,0,0,0,0,0,0.000129955,0.001299545,0,0.001689409,0,0,0,0.016764133,0,0,0,0,0,0,0,0,0,0.007537362,0.000129955,0,0,0,0,0,0,0,0,0.000129955,0,0,0,0,0.015464587,0,0,0,0,0,0,0,0,0.000129955,0,0,0.002988954,0,0,0,0.000129955,0.000129955,0,0,0.006497726,0,0,0.002729045,0,0,0,0.000129955,0,0,0,0,0,0,0,0,0,0,0,0.000259909,0,0.000909682,0,0,0,0,0.000389864,0,0,0,0,0.001819363,0,0,0,0,0,0.000129955,0,0,0,0,0,0,0,0,0,0,0,0,0,0,0,0,0,0,0,0,0,0,0,0,0.002729045,0.000259909,0,0.000129955,0,0.000909682,0,0,0.000259909,0,0.002079272,1,1,0,0,0,0,0,1,0,1,0,1,0,1
0,0,0.0017866,9.93E-05,0,0.0017866,0.001290323,9.93E-05,0,0,9.93E-05,0.000198511,0.006153846,0.00248139,0.000496278,0,0.002084367,0.000496278,0.000198511,0,0,9.93E-05,0.001290323,0.000198511,9.93E-05,0.000198511,0.000198511,9.93E-05,0,0,0,0.000496278,0,0,0.001588089,9.93E-05,0,0,0,0.003473945,0.000198511,0,0.001588089,0.001091811,9.93E-05,0,0,0.000198511,0,0,0.000198511,0.003970223,0,0,0,9.93E-05,9.93E-05,0,0,0.001389578,0.000595533,0.000694789,0,0.0017866,0.000992556,0,0,0.009727047,0,9.93E-05,9.93E-05,9.93E-05,0.001687345,0,9.93E-05,0,9.93E-05,0,0.001191067,0.00248139,0,0,0,0,0.00248139,0,0,0,0,0,9.93E-05,0,0,0.003275434,0,0.00337469,0.000198511,0.000595533,0,0.015384615,0,0,0.039205955,0.000496278,0,0,0.004962779,0,0,0,9.93E-05,0.000198511,0,0,0.001985112,9.93E-05,0.000297767,0.006153846,0.002084367,0.000198511,0,0.002779156,0,0.022133995,0,0,0,0,0,0,0,0,0,0.02808933,0,0,0,0.000496278,0,0,0,0,0.000297767,0.013002481,0,0.005459057,0.000397022,9.93E-05,0.000595533,0.006451613,0,0,0.001389578,0,0,0.006054591,9.93E-05,0.020148883,9.93E-05,0.002679901,0,0,0.003573201,0,0,0.000198511,0,0,0,0,0,0.008734491,0.004367246,0.000694789,0,0.000297767,0.00426799,0.000297767,0,9.93E-05,0.010620347,0,0,0,0,0,0,0,0,0,0,0,0,0,0,0,0,0,0,0,0,0,0,0,0.000595533,0,0,0.0008933,0,0.000297767,9.93E-05,9.93E-05,0,0,0.004367246,0,1,1,0,0,0,0,0,1,0,0,0,1,0,1
0,0,0,0,0,0,0.010432473,0,0.000758725,0,0,0,0,0,0,0.02124431,0,0,0,0,0,0,0,0,0,0,0,0,0,0.000758725,0,0,0,0,0,0,0,0.000379363,0,0,0,0,0,0,0,0,0,0,0,0,0.000189681,0,0,0,0,0,0,0,0,0,0,0,0,0,0,0,0,0,0,0.000189681,0,0,0,0,0,0,0,0,0,0,0,0,0,0,0,0,0,0,0,0,0,0.000189681,0,0,0,0,0,0.002655539,0.001327769,0,0,0.011191199,0,0,0,0,0,0,0,0,0,0,0,0,0,0.000948407,0,0,0.051024279,0,0,0,0,0,0,0,0,0,0,0,0,0,0,0,0,0,0,0,0,0,0,0,0,0,0,0.000948407,0,0.000189681,0,0,0,0,0,0,0,0,0,0,0,0.003983308,0,0,0,0,0,0,0,0,0,0,0.027314112,0,0,0.02977997,0,0,0,0,0,0,0,0,0,0,0,0,0,0,0,0,0,0,0,0,0,0,0,0,0,0,0,0,0,0,0,0.003983308,0,0,0.001327769,0,0,0.000189681,0,0,0,0,1,1,0,0,0,0,0,1,0,1,0,1,0,1
0,9.92E-05,0,9.92E-05,0.00188436,9.92E-05,0.010116037,0.001090945,0,9.92E-05,9.92E-05,0.000495884,0.000495884,0,0,9.92E-05,0,0.000595061,0,9.92E-05,0.014975702,0,0.021323019,0.002776951,0,0.000198354,0.00029753,0,0,0,0,0.001785183,0,0,0.00188436,0,0,9.92E-05,0,0.004363781,0.001289299,0,0.000198354,0.002578598,9.92E-05,0,9.92E-05,0,0,0,0.003967073,0.003074482,0,0,0,0.001289299,0,0,0,0,0.002281067,0.002380244,0,0.000595061,0.000991768,0,0,0,0,0.000595061,0,0,0.000991768,0,0,0,0,0,0.00188436,0.00029753,0,0,0,0,0.001090945,0.013488049,0,0,0,0,0.000198354,0,0,0.000198354,0.013388872,0,0,0.000495884,0,0,9.92E-05,0,0.00971933,0,0,0.035207775,0.00971933,0,0,0,9.92E-05,0.000793415,9.92E-05,0.004958842,0.000396707,0,0.00029753,0.01190122,0.001090945,0.001586829,0,0,0,9.92E-05,9.92E-05,0,0,0,0,0,0,0,9.92E-05,0.033125062,0,0,0,0,0,0.000198354,0,0,0,0.017455122,0.001487652,0.001983537,0.000495884,0.000198354,0.002082713,0.030744818,0,0.002876128,0.000396707,0,0,0.000396707,0.00029753,0,0,0.000595061,0.002776951,0,0,0,0,0,0,0,0,0,0,0.002082713,0.000396707,0.007934147,0.00029753,0,0,0.000198354,0,0,0.010909452,0,0,0,0,0,0,0,0,0,0,0,0,0,0,0,0,0,0,0,0,0,0,0,0,9.92E-05,0.01814936,0.000694238,0.000396707,0,9.92E-05,0.000198354,0,0,0.007735793,0.000793415,1,1,0,1,0,0,0,1,0,0,0,1,1,1
0,0.000140449,0,0,0.000140449,0,0,0,0.000140449,0.000280899,0,0.001825843,0,0,0,0.002949438,0,0,0.000140449,0.000140449,0,0.000140449,0,0.000983146,0,0,0,0,0,0.000421348,0,0.000140449,0,0.002668539,0.000280899,0,0,0,0,0,0,0,0,0,0.000140449,0,0,0,0,0,0.007162921,0.000140449,0,0,0,0.000140449,0,0,0,0,0,0,0,0.001123596,0.004494382,0,0.000702247,0,0,0.000280899,0,0,0.000421348,0.000280899,0,0.001404494,0,0,0.000842697,0.000140449,0,0,0,0.000140449,0.000280899,0,0,0,0,0,0,0.000140449,0,0.001966292,0.000280899,0,0,0,0.004775281,0,0,0,0,0,0.000421348,0.000140449,0,0.000140449,0.000702247,0.000140449,0,0,0,0,0,0,0,0.000842697,0.000140449,0,0,0.03005618,0.000561798,0.078370787,0.000140449,0,0,0,0,0,0,0,0,0,0,0.000140449,0,0,0,0,0,0,0,0.000280899,0,0.000140449,0.002949438,0,0,0.000280899,0,0.000280899,0.000561798,0,0,0.000983146,0,0,0.000140449,0,0.001404494,0,0,0,0,0,0,0,0,0,0,0.000140449,0,0.011797753,0.000280899,0,0,0,0.000140449,0,0,0,0,0,0,0,0,0,0,0,0,0,0,0,0,0,0,0,0,0,0,0,0,0,0,0,0,0.000140449,0,0,0.000561798,0,0,0,0.000561798,0.000140449,1,1,0,0,0,0,0,1,0,1,1,0,1,1
0.004952311,0,0,0.000183419,9.17E-05,0.000917095,0.019717535,0,0,0,0,0.000641966,0.001283933,0,0.000825385,9.17E-05,0,0.000641966,0.000458547,0,0.013297872,0,0.001192223,0.001283933,9.17E-05,0,0.000733676,0,9.17E-05,0,0.00165077,0.001467351,0,0,0.002292737,9.17E-05,0.002476156,9.17E-05,0,0.002751284,0.000825385,0,0.000825385,0,0,0,0,0,0,0,0.000550257,0.006694791,0,0.004585473,0.000183419,0.000366838,0.000366838,0.005044021,0,0,0.014123258,0.000275128,9.17E-05,9.17E-05,0.001008804,0,0,0.009721203,0,0.000275128,9.17E-05,0.008345561,0.000641966,0,0.000825385,0,0,0,0.001375642,0.001559061,0,0.010179751,0,0,0.002292737,0,0,0,0,0,0.000366838,0,0,0.004860602,0.013297872,0,0,9.17E-05,0,9.17E-05,9.17E-05,0,0,0.000458547,0,0,0.002292737,0,0,0,0.000183419,0.000275128,0,0.000641966,0.000275128,9.17E-05,0.000550257,0.00513573,0.001008804,0.001467351,0.000183419,0,0,0.000183419,0,0,0,0,0,0,0,0.000825385,0,0.005227439,0,0,0,0.000183419,0.001008804,0,0,0,9.17E-05,0.007795304,0,0.000550257,0,0.000183419,0,0.016782832,0,0.001192223,0.005594277,0,0,0.005227439,9.17E-05,0,0.000458547,0.000183419,0,0,0,0,0,0,0,0,0,0,0,0.012197359,0.000550257,0.023019076,0,0,0.002842993,0.000183419,0,0.000550257,0.00687821,0,0,0,0,0,0,0,0,0,0,0,0,0,0,0,0,0,0,0,0,0,0,0,0.015774028,9.17E-05,0,0.002384446,0,0,0.000275128,0.000183419,0,0,0.003576669,0.000183419,0,1,1,1,0,0,0,1,0,0,0,1,0,1
0,0,0,0,0.000378597,0,0.000757193,0,0.001388188,0,0.000126199,0.000252398,0,0,0,0.000378597,0,0,0,0.000757193,0,0,0,0,0,0.002019182,0,0,0,0.000378597,0.000126199,0.003912166,0,0,0,0,0.000252398,0.000252398,0,0.001261989,0,0,0,0,0,0,0,0,0,0,0.001009591,0.012367491,0.000126199,0,0,0.000630994,0,0,0,0,0,0,0,0.018425038,0,0,0,0,0,0,0,0,0,0,0,0,0,0,0,0,0,0,0,0,0,0,0,0,0,0.000126199,0,0,0,0.000504796,0,0,0,0,0.000757193,0,0,0.000126199,0,0,0.000126199,0.000126199,0,0.000126199,0,0,0,0,0,0,0,0,0,0.000126199,0.002902574,0.016784452,0,0,0,0,0.000126199,0,0,0,0,0,0,0,0,0,0,0,0,0,0,0,0,0,0.000126199,0.018677436,0,0,0,0,0,0,0,0,0,0,0,0.010095911,0,0,0,0.000757193,0,0.000126199,0,0,0,0.000378597,0,0,0,0,0,0,0,0,0.000252398,0,0,0,0,0,0.009212519,0,0,0,0,0,0,0,0,0,0,0,0,0,0,0,0,0,0,0,0,0,0,0,0,0.000126199,0.010979303,0,0,0,0,0.000252398,0,0,0,0.005805149,1,1,1,0,0,0,0,1,1,1,0,1,0,1
0,0.000536841,0,0,0.00026842,0.00013421,0,0,0.004294726,0.00013421,0,0.00013421,0,0,0,0.018923634,0,0,0,0,0,0,0,0.00013421,0.00013421,0.00013421,0,0,0,0.000671051,0,0,0,0.003892095,0.00013421,0,0,0.00013421,0,0,0,0,0,0,0,0,0,0,0,0,0.00026842,0.000402631,0.00013421,0,0,0,0,0,0,0,0,0,0,0.002549993,0,0,0,0,0,0.000402631,0,0,0,0.001476312,0,0,0,0,0,0.00026842,0,0,0,0.000402631,0,0,0,0,0,0.00013421,0,0,0.000536841,0,0.001878942,0.003623675,0,0.00013421,0.000939471,0,0,0,0,0.001744732,0,0.001744732,0,0,0,0,0,0,0,0,0,0,0,0.00013421,0,0,0,0,0,0.000671051,0.00026842,0,0,0,0,0,0,0,0,0,0,0.00013421,0.000671051,0,0,0,0,0,0,0.00026842,0,0,0,0,0,0.00013421,0,0,0.00013421,0,0,0.00013421,0,0,0.000536841,0,0,0,0.061334049,0,0,0.00013421,0,0,0,0,0,0.00013421,0,0,0.00013421,0,0,0,0,0,0,0,0,0,0,0,0,0,0,0,0,0,0,0,0,0,0,0,0,0,0,0,0,0,0,0,0,0,0,0,0,0,0,0,0.00013421,0.00026842,0,1,1,0,0,0,0,1,0,1,0,1,1,1
0,0.000588322,0,0.00014708,0.000294161,0,0.003824092,0,0,0.000441241,0.00014708,0.008383586,0.002794529,0.00014708,0.000441241,0,0,0,0.000294161,0,0,0.00014708,0.001912046,0.000882483,0.000294161,0.000294161,0.000294161,0,0,0,0,0,0,0,0.00014708,0.000294161,0,0,0,0,0.000588322,0,0.00014708,0,0.00014708,0,0.00014708,0.00014708,0,0,0.006177379,0.001912046,0,0,0.00014708,0.00014708,0,0,0,0.000882483,0,0,0,0.006177379,0,0,0,0,0,0.000441241,0,0,0.001029563,0,0,0,0,0,0.001323724,0.00014708,0,0.016620091,0,0.000294161,0.001323724,0,0,0,0,0,0,0.001912046,0,0.004559494,0,0.001176644,0,0.000294161,0,0.011913517,0,0.001764965,0,0,0.000735402,0.003824092,0.002059126,0.000441241,0.012501839,0.000294161,0.00014708,0,0.00014708,0,0.00014708,0.00014708,0,0.002794529,0.000882483,0.000588322,0,0,0,0.085453743,0,0,0,0,0,0,0,0,0.00014708,0.002941609,0,0.000294161,0,0.001029563,0,0.00014708,0,0,0.00014708,0.003529931,0.007059862,0,0.000735402,0,0,0.017796735,0,0.001617885,0,0,0,0.00323577,0.001323724,0,0.000441241,0.00014708,0.007501103,0,0,0,0,0,0,0,0,0.00014708,0,0.006324459,0.00014708,0,0.000294161,0,0,0.00014708,0,0,0,0,0,0,0,0,0,0,0,0,0,0,0,0,0,0,0,0,0,0,0,0,0,0,0,0.00014708,0.004118253,0.00014708,0,0,0.002941609,0,0,0.00338285,0.002647448,0,1,1,1,0,0,0,0,1,1,1,0,1,1,1
0,0,0.000707401,8.84E-05,0,0.00583606,0.011053144,0,8.84E-05,0,0,0,0.00327173,0,0,0.00017685,0.012998497,0,0,0.003183305,0,0,0.016093377,0.002652754,0.00875409,0,0.00017685,0,8.84E-05,0.00017685,0.004951808,0,8.84E-05,0,0.00583606,0,0.005040233,0,0,0.000972677,8.84E-05,0,0,0.000353701,0,0,0,0,0.002122204,0,0,0.007958263,0,0,0.000265275,0,0,0,0.001237952,0,0.005393934,0.006101335,0.001326377,0,0.000795826,0,0,0,0,0.000707401,0.000530551,0,0.003006455,0,0,0,0,0,8.84E-05,0.001237952,0,0,0,0,0.000353701,0.016889203,0,0,0,0,8.84E-05,0,0,0,0.046246352,0.000530551,0,0.000530551,0.001326377,0.001856928,8.84E-05,0,0,0.000353701,0,0,0.00017685,0,0,0,0,0.000353701,0,0.007692988,0.000353701,8.84E-05,0,0.011141569,0.002387479,0.002033778,0,0.002475904,8.84E-05,0,8.84E-05,0,0.005482359,8.84E-05,0,0,0,0,0,0,0,0,0,0.001591653,0,0,0,0,0.00017685,0.0151207,0,0.000265275,0,8.84E-05,0,0.045096826,0,0.002564329,0.001326377,0,8.84E-05,0.002210629,0,0.004332832,0,0.001503228,0.000265275,0,0,0,0,0,0,0,0,0,0,0.005482359,0,0.018304006,8.84E-05,0,0,0,0,0,0.013794323,0,0.00017685,0,0,0,0,0,0,0,0,0,0,0,0,0,0,0,8.84E-05,0,0,0,0,0,0,0,8.84E-05,0,0.000884251,0,0.002387479,0.00017685,0,0,0.001856928,0,0,1,0,0,1,0,0,1,0,1,0,1,0,1
0,0,0,0.002030113,8.46E-05,0.002199289,0.01437997,0,0,0,0,0.000592116,0.000845881,0.001184233,0.000592116,8.46E-05,0,0,0.000676704,0,0,0,0.001776349,0.005244459,0,0.00042294,0.000761293,0,8.46E-05,8.46E-05,0.006259516,0.001099645,8.46E-05,0,0.003806463,0,0.011673152,0,0.0056674,0.004736931,0.001268821,0,0.001522585,0,0,0.000761293,0,0,0,0,0.000253764,0.004821519,0,0,8.46E-05,0.002368466,0,0,0,0,0.003891051,0.007612925,0,0.004398579,0,0,0.006005752,0,0,0.000338352,0,0,0.002114701,0,0.000845881,0,0,0,0.000507528,0.000338352,0,0,0,0,0.002537642,0,0,0,0,0,8.46E-05,0,0.000253764,0,0.013449501,0,0.002453054,0.000507528,0,0,0,0,0.000169176,0.000169176,0,0,0.01522585,0,0,0,0,0.000338352,0,0.00346811,0,8.46E-05,0,0.000169176,0.002453054,0,0.00262223,0.070631027,0,0.00042294,8.46E-05,0,0,0,0,0,0,0,0,8.46E-05,0,0,0,0.000676704,0,0,0,0,0.00042294,0.010488919,0.000676704,0.000169176,0.000930469,0.000169176,0.007189985,0.032058873,0,8.46E-05,0,0,0,0.008797158,0,0.002453054,0.001015057,0.000592116,0.001776349,8.46E-05,0,0,0,0,0,0,0,0,0,0.034427339,0.000507528,0.006597868,8.46E-05,0,0,8.46E-05,0,0.001099645,0.013703265,0,0.000169176,0,0,0,0,0,0,0,0,0,0,0,0,0,0,0,0,0,0,0,0,0,0,8.46E-05,0,8.46E-05,0.000676704,0.000169176,0.002791406,0.000169176,0,0,0.004567755,0,0,0,0,0,1,0,0,1,0,0,0,1,1,1
0,0,0.0015839,0,0,0.002795118,0.00149073,0.000838535,9.32E-05,0,0,0.000186341,0.015186807,0.000279512,0.001770241,9.32E-05,0.02040436,0,0.002049753,0,0.002329265,0,0.011180471,0.001770241,0,0.000279512,0.000279512,0,9.32E-05,0,0,0,0,0,0.002981459,0,0.009969254,9.32E-05,0,0,9.32E-05,9.32E-05,0.001304388,0.000279512,0,0,0,9.32E-05,0,0,9.32E-05,0.004099506,0,0.002608777,0,0.0015839,9.32E-05,0,9.32E-05,0,0.003633653,0,0,0.002981459,0,0,0,0,0,9.32E-05,9.32E-05,0.007733159,0.002795118,0,0.0015839,0,0,0.002236094,0.002236094,0.000279512,0,0.000279512,0,0,0.001211218,0,0,0,0,0,0,0,0,0.002049753,0.003540483,0.000279512,0,0.000652194,0.000465853,0.002422435,0,0,0,0.000186341,0,0,0,0,0,0,0,0,0,0,0,0,0,0.000559024,0.000559024,0.001863412,0,9.32E-05,0,0,0,0,0,0,0,0,0,0.000279512,0,0.032423367,0,0,0.000372682,0,0,0,0,0,0,0.006056089,0.002515606,0.019938507,0.004285847,9.32E-05,0,0,0,0.001863412,0,0,0,0.003633653,0,0,0.000745365,0.001118047,0,0,0,0,0,0,0,0,9.32E-05,0,0,0.002236094,0.000838535,0.008012671,0,0.002515606,0,0.000372682,9.32E-05,0.000372682,0.02031119,0,0,0,0,0,0,0,0,0,0,0,0,0,0,0,0,0,0,0,0,0,0,0,0,0.000186341,0,0.001770241,0.000279512,0,0.012857542,9.32E-05,0,0,0.011553154,0,0,1,0,0,1,0,0,1,0,0,0,1,1,1
0,0,0,0,0,0,0.000310495,0,0.000103498,0,0,0,0,0,0,0.000310495,0,0.085696543,0,0,0,0,0,0,0,0,0,0,0,0.000103498,0,0,0,0,0,0,0,0,0,0,0.000517491,0,0,0,0,0,0,0,0,0,0,0,0.000103498,0,0,0,0,0,0,0,0,0,0,0,0,0,0,0,0,0,0,0,0,0,0,0,0,0,0.005588905,0,0,0,0,0,0,0,0,0,0,0.000103498,0,0,0,0,0,0,0,0.001241979,0,0.001345477,0,0,0,0,0,0,0.000620989,0,0,0,0,0,0,0,0.004450424,0,0,0,0.000724488,0.008900849,0,0,0,0.002587456,0.000103498,0,0,0,0,0,0,0,0,0.004036431,0.000206996,0,0,0,0,0,0,0,0,0.001345477,0,0,0,0,0,0,0,0.001655972,0,0,0,0,0,0,0,0.000827986,0,0,0,0,0,0,0,0,0,0,0,0,0,0.006830884,0,0,0,0,0,0.003001449,0,0,0,0,0,0,0,0,0,0,0,0,0,0,0,0,0,0,0,0,0,0,0,0,0,0.000724488,0,0,0.000103498,0,0,0.000103498,0,0,0,0,0,1,0,0,1,0,0,1,0,0,0,1,0,1
0,0,0,0,0.000250564,0,0,0,0,0.030944625,0,0.000501128,0,0,0,0,0,0,0,0,0,0,0,0,0,0,0,0,0,0,0,0,0,0,0,0,0,0,0,0,0,0,0,0,0,0,0,0,0,0,0,0,0,0,0,0,0,0,0,0,0,0,0,0,0,0.009646705,0,0,0,0,0,0,0,0,0,0,0,0,0,0,0,0,0.57116011,0,0,0,0,0,0,0,0,0,0,0,0,0,0,0,0,0,0,0.005011275,0,0,0,0.052868955,0,0,0.024555249,0,0,0,0,0,0,0,0,0,0,0,0,0,0,0,0,0,0,0,0,0,0,0,0,0,0,0,0.00263092,0,0,0,0,0,0,0,0,0,0,0,0,0,0,0,0,0,0,0,0,0,0,0,0,0,0,0,0,0,0.191054873,0,0,0,0,0,0,0,0.028313706,0,0,0,0,0,0,0,0,0,0,0,0,0,0,0,0,0,0,0,0,0,0,0,0,0,0,0,0,0,0,0,0,0,0,0,0,0,0,0.000125282,0,0,0,0,0,1,1,0,0,1,0,0,0,1,0,1
0,0,0,0,0.000190949,0.000190949,0,0,0,0,0.000190949,0.000381898,0,0,0,0.042390682,0,0.000190949,0,0,0,0,0,0.000190949,0,0,0,0,0,0,0,0,0,0.000572847,0,0,0,0.001718541,0,0,0,0,0,0,0.000190949,0,0,0,0,0,0.004009929,0,0.000572847,0,0,0.000190949,0,0,0,0,0,0,0,0,0.000572847,0.000190949,0,0,0,0,0,0,0,0.000190949,0,0,0,0,0.000572847,0,0,0,0,0,0,0,0,0,0,0.001527592,0,0,0,0,0,0,0,0.000190949,0.000763796,0,0,0.000190949,0,0,0,0.146266947,0,0,0,0,0,0,0,0,0,0,0,0.000954745,0,0,0.000954745,0,0,0.02520527,0.002291388,0,0,0,0,0,0,0,0.000190949,0,0,0,0.000381898,0,0,0,0,0.017376361,0,0.002291388,0,0,0,0,0,0.000190949,0,0.009929349,0,0,0,0,0,0,0.000190949,0,0,0,0,0,0,0,0,0,0,0,0,0,0,0.001145694,0,0,0.000190949,0.000572847,0,0,0,0,0,0,0,0,0,0,0,0,0,0,0,0,0,0,0,0,0,0,0,0,0,0,0,0.000763796,0.001527592,0,0,0,0,0,0,0,0,0,0,1,0,1,1,0,0,1,1,1,0,1,0,1
0,0,0,0.001129305,0.000112931,0,0.023376623,0.001468097,0.000112931,0,0,0.000112931,0.000112931,0,0,0.000451722,0.000451722,0.000112931,0.002936194,0.000112931,0,0,0.000451722,0.001693958,0,0,0.000790514,0,0,0.000225861,0,0.000790514,0,0,0.015697346,0,0,0.000338792,0,0,0,0,0,0,0,0,0,0,0,0,0.000112931,0.003274986,0,0,0,0,0,0,0,0,0,0,0,0,0,0,0,0,0.000451722,0,0.000112931,0,0,0.000677583,0,0,0,0,0.006437041,0,0,0,0.007792208,0,0.001355167,0,0,0,0,0,0,0.000112931,0,0,0.040429136,0,0.000225861,0.000338792,0.002936194,0,0,0,0,0,0,0,0,0,0,0,0.000112931,0,0,0,0,0,0,0.004517222,0.001919819,0,0,0,0,0.000112931,0.000112931,0,0,0,0,0,0,0.000790514,0,0,0.000112931,0,0.000112931,0,0,0,0,0,0,0.032749859,0.014793902,0.007114625,0,0,0,0.092490119,0,0,0,0,0,0,0,0,0.000564653,0.000112931,0,0.000112931,0,0,0,0,0,0,0,0,0,0.006324111,0,0,0.000112931,0,0,0.000112931,0,0.003613778,0,0,0,0,0,0,0,0,0,0,0,0,0,0,0,0,0,0,0,0,0,0,0,0,0,0.000112931,0,0,0.000112931,0,0.001919819,0.000338792,0,0,0.000338792,0,0,1,0,0,1,0,0,0,0,0,0,0,0,1
0,0,0,0,0.007217187,0.000167842,0.000503525,0,0.001342732,0.000167842,0,0.000167842,0,0,0,0.001510574,0,0,0,0,0,0,0,0,0,0,0,0,0,0.000503525,0,0,0,0,0,0,0,0.000335683,0,0,0,0,0,0,0,0,0,0,0,0,0.000167842,0,0.000167842,0,0,0,0,0,0,0,0,0,0,0,0,0.000671366,0,0,0,0.000503525,0,0,0,0,0,0,0,0,0,0,0,0,0.356495468,0,0,0,0,0,0,0.000167842,0,0.000167842,0,0,0.00218194,0,0,0.000167842,0,0,0,0.002349782,0,0,0,0.025679758,0,0,0,0,0,0,0,0,0,0,0,0.0129238,0,0,0,0,0,0.000167842,0.000335683,0,0,0,0,0,0,0,0,0,0,0,0,0,0,0,0,0,0,0.005538771,0.001678416,0.004531722,0.000335683,0,0,0,0,0,0,0,0,0,0,0,0,0,0,0,0.000503525,0.000167842,0,0,0.060758644,0,0,0,0,0,0,0.017791205,0.000671366,0,0,0,0,0,0,0,0,0,0,0,0,0,0,0,0,0,0,0,0,0,0,0,0,0,0,0,0,0,0,0,0.177744209,0,0,0,0,0,0,0,0,0.000839208,1,1,0,0,1,0,0,1,0,0,0,1,0,1
0,0.000110951,0,0.000110951,0.000665705,0,0.015533119,0.000110951,0,0.000110951,0,0.000443803,0.000776656,0,0,0.000221902,0,0,0,0.000221902,0,0.000110951,0.001886164,0.010096527,0,0.000887607,0,0,0,0.000221902,0,0.001109508,0.000110951,0,0.001664263,0.000110951,0,0.000110951,0,0.005880395,0.000443803,0,0.001553312,0,0,0,0,0,0,0,0.001109508,0.000776656,0,0,0.000110951,0,0,0,0,0,0.002440919,0,0.000221902,0.00388328,0.000554754,0,0,0,0,0.001109508,0,0,0.001886164,0,0,0.00133141,0,0,0.003994231,0.000221902,0,0,0,0.000110951,0,0,0,0,0,0,0,0.000110951,0,0.00388328,0.044269389,0,0.000221902,0.000443803,0.000110951,0,0.000110951,0,0,0,0,0.027737712,0,0,0.000110951,0,0,0,0,0.000998558,0,0.000110951,0,0.003328525,0.001775214,0,0.007100854,0.086430711,0,0.000110951,0.000221902,0,0,0,0,0,0,0.004770886,0,0.000110951,0.000887607,0.000110951,0,0,0,0,0,0,0.000221902,0.014201709,0.008210363,0.00133141,0,0.000443803,0,0.005547542,0,0.012204593,0.004992788,0,0,0.004548985,0,0.000887607,0.000443803,0.001553312,0.007655609,0,0,0,0,0,0,0.000110951,0,0,0,0.014756463,0.000887607,0.036502829,0.000110951,0,0,0.000110951,0.000221902,0.001997115,0.003439476,0,0,0,0,0,0,0,0,0,0,0,0,0,0,0,0,0,0,0,0,0,0,0,0.002329968,0.000110951,0,0.000110951,0.000332853,0,0.006989903,0,0,0.000332853,0.004216132,0.002219017,0,1,0,0,1,0,0,1,0,0,0,1,0,1
0,0.000206889,0,0.000413779,0.000413779,0.000310334,0.011275473,0.000620668,0,0.000103445,0.000206889,0.001137892,0.000206889,0,0,0.000103445,0,0.001137892,0.000310334,0.000206889,0.00175856,0.000206889,0.001655115,0.00175856,0,0.000310334,0.000310334,0.001862005,0,0.000206889,0,0,0,0,0.004655012,0,0,0,0.000724113,0.005689459,0.000103445,0,0.00175856,0,0.000103445,0,0,0,0,0,0.001965449,0.003413675,0.000103445,0,0.000206889,0.000310334,0,0,0,0.002172339,0.004241233,0,0.000103445,0.001241337,0.000517224,0,0,0,0,0,0,0,0.000931002,0,0.002689562,0,0,0,0.001241337,0.000620668,0,0.011896142,0,0,0,0,0,0,0,0,0.000413779,0,0.000103445,0,0.000620668,0,0.002793007,0.000310334,0.000413779,0,0,0,0,0.000206889,0.000103445,0,0,0,0,0,0,0.000103445,0,0.000206889,0.000620668,0.000103445,0.000206889,0.030929968,0.002068894,0,0.001655115,0,0,0.123306093,0,0,0,0,0,0,0,0,0,0.001448226,0,0,0,0,0,0,0,0,0.000103445,0.007861798,0.001448226,0.001344781,0.000517224,0.000206889,0,0.025447398,0,0.004137788,0.004861901,0,0.000206889,0.001137892,0,0,0,0.002586118,0,0,0,0,0,0,0,0,0,0,0,0.001241337,0.000724113,0.001344781,0.000103445,0,0,0,0,0,0.026481845,0,0,0,0,0,0,0,0,0,0,0,0,0,0,0,0,0,0,0,0,0,0,0,0.001655115,0.000103445,0,0.001344781,0.000206889,0,0,0.000310334,0,0,0.000310334,0.004137788,0,1,0,0,1,0,0,1,0,0,0,1,0,1
0,0,0,0.000107527,0,0.007741935,0.000752688,0,0.000215054,0,0,0.000537634,0.015268817,0.000322581,0,0.000322581,0,0,0.000645161,0.000107527,0,0,0.003763441,0.002473118,0,0.001075269,0.000107527,0,0.000107527,0.000215054,0,0,0,0,0.014301075,0,0,0.000107527,0,0.000537634,0.000645161,0,0,0,0.000107527,0,0,0,0,0,0.00344086,0.007526882,0,0,0.000215054,0.007204301,0,0,0,0,0.000107527,0,0,0.00311828,0.000322581,0,0.000645161,0,0,0.001505376,0,0,0.014301075,0,0.007741935,0,0,0,0.003225806,0.002043011,0,0,0,0,0.001505376,0,0,0,0,0,0,0,0,0,0,0,0,0.000322581,0,0.018387097,0.000107527,0,0,0,0,0,0,0,0,0,0,0,0,0,0.002150538,0.000107527,0,0.044408602,0.004516129,0.005591398,0,0,0,0,0.000215054,0,0,0,0,0,0,0,0,0,0,0,0,0,0,0,0,0,0.000107527,0.020107527,0.012150538,0.001182796,0,0.000322581,0,0.046774194,0.000215054,0.005806452,0.000860215,0,0,0.010107527,0,0,0.000322581,0.002580645,0,0,0.000107527,0,0,0,0,0,0,0,0,0.045913978,0,0.023225806,0,0,0,0.000430108,0,0,0.001397849,0,0.000107527,0,0,0,0,0,0,0,0,0,0,0,0,0,0,0,0,0,0,0,0,0,0,0.000107527,0,0.000215054,0.001075269,0.000107527,0,0.000215054,0,0,0.04344086,0.000215054,1,0,0,0,1,0,0,1,0,0,1,1,0,1
0,0.000118963,0,0.000118963,0.000475851,0.000118963,0.000237925,0,0,0.000118963,0,0.000356888,0.000237925,0,0,0,0,0.000594813,0.000594813,0.000356888,0,0,0,0.000118963,0,0.000118963,0.000118963,0.000237925,0,0,0,0.000118963,0,0,0.000832739,0,0,0,0,0.000713776,0,0,0.000237925,0,0,0,0,0,0,0,0.003806805,0.000713776,0,0,0,0.000356888,0,0,0,0.000237925,0.000832739,0,0.000118963,0.001308589,0.000237925,0,0.000118963,0,0,0,0,0,0.001070664,0,0.000118963,0,0,0,0.000713776,0.000118963,0,0,0.106590531,0,0.000356888,0,0,0,0,0,0,0,0,0.002498216,0.000118963,0,0,0,0.000118963,0,0,0,0,0.000475851,0,0,0,0,0,0.000118963,0,0,0,0,0.000832739,0,0,0.004877468,0,0.000118963,0.000594813,0,0,0.013799667,0,0,0,0,0,0,0,0.000118963,0,0,0,0.000118963,0,0,0,0,0,0,0,0.002974066,0.000594813,0.002617178,0.001189626,0,0,0.001665477,0,0.00582917,0.018201285,0,0,0.001070664,0,0,0.001665477,0,0,0,0,0.000118963,0,0,0.000475851,0,0,0,0,0.000237925,0.000356888,0.00630502,0.000118963,0,0,0.000118963,0,0.000237925,0.000713776,0,0,0,0,0,0,0,0,0,0,0,0,0,0,0,0,0,0,0,0,0,0,0,0,0,0,0.000118963,0.000118963,0,0.000237925,0.000118963,0,0,0.004401618,0.000475851,0,1,1,0,1,0,0,1,0,1,0,1,0,1
0,0,0,0,0.006875139,0,0.001108893,0,0.001219783,0.003770237,0.000221779,0.02317587,0,0,0,0.000221779,0,0,0,0,0,0.000110889,0,0.002883123,0,0,0.000332668,0,0,0,0,0,0,0.000110889,0.00332668,0,0,0,0,0.000887115,0.001108893,0,0.001330672,0,0.000554447,0,0.000110889,0,0,0,0.161898425,0.003104901,0,0,0,0,0.000221779,0,0,0.004768241,0.006764249,0,0.000332668,0,0,0,0,0,0,0.000110889,0,0,0.001552451,0,0,0,0,0,0.004546463,0.000776225,0,0,0,0,0.004879131,0,0,0,0,0,0,0.004546463,0,0.000443557,0,0,0,0.000110889,0.002217787,0,0,0,0,0.000221779,0.000221779,0,0,0.020736305,0,0.002106897,0,0,0,0,0.000110889,0,0,0.001441561,0,0.000887115,0,0,0,0.000110889,0,0,0,0,0,0,0,0.000110889,0.000998004,0,0,0.000110889,0,0,0,0.000110889,0.000110889,0.023841206,0,0.010423597,0,0.000998004,0.000887115,0,0,0.013972056,0.000554447,0.001441561,0,0,0,0.003104901,0,0,0,0,0,0,0,0,0,0,0,0,0.000665336,0,0.02982923,0.002106897,0.001219783,0.001330672,0.037369705,0,0,0,0.000332668,0.000776225,0.001219783,0,0,0,0,0,0,0,0,0,0,0,0,0,0,0,0,0,0,0,0,0,0,0,0.003659348,0.000110889,0,0,0,0,0,0,0,0.012086937,0.002217787,0.001774229,0,0,1,1,1,0,0,1,0,1,1,1,0,1
0,0.000105241,0,0,0.000315723,0,0.000526205,0,0.000315723,0,0.000105241,0.000841928,0.003683435,0.000210482,0.000210482,0.000736687,0,0,0.000631446,0.005683014,0,0.000105241,0.008945485,0,0,0,0,0,0,0.000315723,0,0,0.000105241,0,0.001368133,0.000105241,0,0.000105241,0,0.000841928,0.001473374,0,0.001157651,0,0.000315723,0,0.000105241,0,0,0,0.010839823,0.002210061,0,0,0.000210482,0,0.000841928,0,0,0,0.002420543,0,0.000210482,0,0,0,0,0,0,0.00420964,0.000420964,0,0.006524942,0,0,0,0,0,0.000947169,0.007577352,0,0,0,0,0.007998316,0,0,0,0,0,0,0.000105241,0,0.001368133,0,0,0,0.000210482,0,0.007998316,0,0,0,0,0.000105241,0,0,0.000105241,0,0.000105241,0,0.001999579,0,0,0,0,0,0,0.003472953,0.000526205,0,0,0,0.001999579,0.000105241,0,0,0,0,0,0,0,0.000105241,0.017785729,0,0,0,0.003578194,0,0.000210482,0,0,0.000105241,0.016628078,0,0.024521153,0.008840244,0.000947169,0,0.005893496,0.000210482,0,0.000105241,0,0,0.007472111,0,0.012523679,0,0.000841928,0,0.000105241,0.005788255,0,0,0,0,0,0.000105241,0,0,0.025152599,0.005683014,0.001157651,0,0,0,0,0,0,0.012313197,0,0,0,0,0,0,0,0,0,0,0,0,0,0,0,0,0,0,0,0,0,0,0,0,0.001157651,0,0.015049463,0.001683856,0.000105241,0.008208798,0.000105241,0,0,0.006209219,0.000526205,1,1,0,0,0,0,0,1,1,0,1,1,1,1
0,0.000106315,0,0,0,0.000106315,0,0,0.000106315,0,0,0,0,0,0,0.000106315,0,0,0,0.000106315,0,0,0,0.000106315,0,0,0.000106315,0,0,0.00042526,0,0.000106315,0,0,0.002445248,0.000106315,0,0.000106315,0,0,0,0,0,0,0,0,0,0,0,0,0.000106315,0.000106315,0.000106315,0,0,0.039549224,0,0,0,0,0.002338933,0,0,0.000531576,0,0,0,0,0,0,0,0,0.004677865,0,0,0,0,0,0,0,0,0,0,0,0.00042526,0,0,0,0,0,0,0.000637891,0,0.000106315,0,0,0,0,0,0,0,0.000106315,0,0,0,0,0,0.000106315,0,0,0,0,0,0,0,0,0,0,0,0,0,0.000106315,0,0.001594727,0.00042526,0,0,0,0,0,0,0,0,0,0,0,0,0,0,0,0,0.261003615,0,0.001913672,0,0.008398894,0.000744206,0,0,0.000106315,0,0.000106315,0.002764193,0,0,0.000106315,0,0,0,0.00021263,0,0,0.000106315,0,0,0.000106315,0,0,0,0,0,0,0.000318945,0,0.000106315,0,0,0,0,0,0,0,0,0,0,0,0,0,0,0,0,0,0,0,0,0,0,0,0,0,0,0,0,0,0,0.000106315,0,0,0.000106315,0,0,0,0,0,0,0,0,1,0,1,1,0,0,1,1,0,1,0,0,1
0,0,0,0,0,0,0,0,0.000105175,0,0,0,0,0,0,0.000525873,0,0,0,0,0,0,0,0,0,0,0,0,0,0,0,0,0,0,0,0,0,0.000736222,0,0,0,0,0,0,0,0,0,0,0,0,0.000105175,0,0,0,0,0,0,0,0,0,0,0,0,0,0,0,0,0,0,0,0,0,0,0,0,0,0,0,0,0,0,0,0,0,0,0,0,0,0,0,0,0,0,0,0,0,0,0,0,0,0,0.113378208,0,0,0,0,0,0,0,0,0,0,0,0,0,0.000105175,0,0,0.000631048,0,0,0,0,0,0.003575936,0,0,0,0,0,0,0,0,0,0,0,0,0,0,0,0,0,0,0,0,0,0,0,0,0,0,0,0,0,0,0,0,0,0,0.002629365,0,0,0,0,0,0,0,0,0,0,0,0,0,0,0,0,0,0,0,0,0,0,0,0,0,0,0,0,0,0,0,0,0,0,0,0,0,0,0,0,0,0,0,0,0,0,0,0,0.000210349,0,0,0,0,0,0,0,0,1,0,1,1,1,0,1,1,1,1,1,0,1
0,0,0.001640555,0,0,0,0.000984333,0,0,0,0,8.20E-05,0,0,0,0.000328111,0,0,0,0,0,0,0.003937331,0.000574194,8.20E-05,0,0,0,0,0.000164055,0.008120745,0,0.001558527,0,0.023459929,0,0.016815684,0,0,0,0,0,0,0,0,0.000328111,0,0,0.000164055,0.001230416,0.000164055,0.011976048,0,0,0.000164055,0,0,0,0.000656222,0,0.019276515,0,0.00106636,0,0,0,0.003691248,0,0,0.001230416,0.000574194,0,0.002952998,0,0,0,0,0,0,0.002296776,0,0,0,0,0,0,0,0,0.000246083,0,0.002624887,0,0,0,0,0,0,0.000410139,0.003527192,0,8.20E-05,0,0,0,0,0,0,0,0,0,0.000164055,0,0,0.010745632,0,8.20E-05,0,0,0.000902305,0,0,0,0,0,0,0,0,0.000328111,0,0,0,0,0,0.015257157,0,0,0,0.000246083,0,0,0,0,8.20E-05,0.016077434,0.004347469,0.003527192,0,0.000328111,0,0,0,0,0.002706915,0,8.20E-05,0,0,0,0,0.001394471,0,8.20E-05,0,0,0,0,0,0,0,0,0,0.011811992,0,0,0,0,0,0,0,0,0,0,0,0,0,0,0.00106636,0.006972357,0,0,0,0,0,0,0,0,0.000574194,0,0,0,0,0,0,0,0,8.20E-05,0,0.000164055,0.000164055,8.20E-05,0,0.001722582,0,0,0,0.001886638,1,1,0,0,1,1,0,1,0,0,0,1,0,1
0,0,0,0.000132293,0.000132293,0,0,0,0.001190634,0.000132293,0.000264585,0.001058341,0,0,0,0.007408387,0,0,0,0,0,0,0,0.000132293,0,0.001058341,0,0,0,0.000926048,0,0,0.001058341,0,0,0,0,0.000926048,0,0,0,0,0,0,0,0,0,0,0,0,0.000132293,0,0,0,0,0,0,0,0,0,0,0,0,0.007408387,0.005688583,0,0,0,0,0.000396878,0,0,0,0,0,0,0,0,0,0,0,0,0,0,0,0,0,0,0,0,0,0,0,0,0.015875116,0,0,0.000264585,0,0,0,0,0,0,0,0,0,0,0,0,0.000793756,0.000264585,0,0,0,0,0,0,0.008995899,0,0,0,0,0.047625347,0.000264585,0,0,0,0,0,0,0,0,0,0,0,0,0,0,0.000264585,0,0,0.000793756,0.001587512,0,0,0,0.000132293,0,0,0,0,0.000661463,0,0,0,0,0,0,0.000529171,0,0.000793756,0,0,0,0,0,0,0,0,0,0.013493848,0,0,0,0,0,0,0,0,0,0,0,0,0,0,0,0,0,0,0,0,0,0,0,0,0,0,0,0,0,0,0,0,0,0,0,0,0.000926048,0.000132293,0.025400185,0,0,0,0,0.006614632,0,1,0,0,1,1,0,1,0,1,0,1,1,1
0,0.000108085,0,0.000324254,0.000108085,0,0,0,0.001188932,0,0.000108085,0.000972763,0.000756593,0,0,0.001837441,0,0,0,0,0,0,0.005512322,0,0,0,0,0,0,0.000540424,0,0.007457847,0,0,0,0.000108085,0,0.000108085,0,0.007457847,0.000108085,0,0,0,0,0,0.000108085,0,0,0,0,0.007241677,0.000108085,0,0,0,0,0,0,0,0,0,0,0,0,0,0,0,0,0,0,0,0,0.000216169,0,0,0,0,0.001621271,0.001297017,0,0,0,0,0.000324254,0,0,0,0,0.000216169,0.000432339,0,0,0,0,0.000648508,0,0.000540424,0,0,0,0,0,0,0.000216169,0,0,0,0,0,0,0,0,0,0.000324254,0,0,0,0.004539559,0,0,0,0,0,0.000216169,0,0,0,0,0,0,0,0.000108085,0,0,0.000108085,0.000108085,0,0,0,0,0,0.000108085,0.027777778,0,0,0,0,0,0.005620406,0,0,0,0,0,0.001837441,0,0,0,0.002810203,0.000108085,0,0,0,0,0,0,0,0,0,0,0,0,0,0,0,0,0,0,0.000540424,0.018806744,0,0,0,0,0,0,0,0,0,0,0,0,0,0,0,0,0,0,0,0,0,0,0,0,0.000216169,0,0,0.000432339,0,0,0,0,0.000108085,0.000216169,0.003458712,0,1,0,1,1,1,0,1,1,1,0,1,0,1
0,0.000220313,0,0,0.000771095,0.001872659,0,0,0.000220313,0.000220313,0.000220313,0.007931262,0,0,0.000110156,0.001211721,0,0,0.000220313,0.000110156,0,0.000110156,0,0.000110156,0.000110156,0.000220313,0,0,0,0.000660939,0,0,0,0.00583829,0.000660939,0,0,0.000550782,0,0,0.000110156,0,0.000110156,0.000110156,0.000220313,0,0,0,0,0,0.05728134,0.000110156,0.000110156,0,0,0,0,0,0,0.000440626,0.000440626,0,0,0.003194536,0,0.000110156,0,0,0,0.000330469,0,0,0.001101564,0.000110156,0,0,0,0,0.000220313,0.000660939,0,0,0,0,0.000220313,0,0,0,0,0.000110156,0,0,0,0.001652346,0,0,0,0,0.000330469,0,0,0.001211721,0,0.000110156,0,0,0,0,0,0,0,0,0,0,0.000330469,0,0,0.000330469,0,0.000220313,0,0.018285966,0,0.174487773,0.000771095,0,0,0,0,0,0,0.000220313,0.000110156,0,0,0,0,0,0,0.000110156,0,0,0,0.008371888,0,0.000440626,0.002092972,0,0,0.003635162,0,0.006829698,0.023683631,0,0,0.002643754,0,0,0.000330469,0,0.000660939,0,0,0,0,0.000110156,0.000110156,0,0,0.000110156,0,0.003525006,0.000110156,0.011015642,0.001211721,0,0,0.000110156,0,0,0.003304693,0.000440626,0,0,0,0,0,0,0,0,0,0,0,0,0,0,0,0,0,0,0,0,0,0,0.000440626,0.000110156,0.00892267,0.000110156,0,0,0.00154219,0,0,0,0,0.011456268,0,1,0,0,1,1,0,1,0,1,1,1,0,1
0,0,0,0.000178571,5.95E-05,0.000119048,0.004404762,0.001488095,0,0,0,5.95E-05,0.002559524,0.010416667,0.003809524,0,0,0.001130952,0.000714286,0.000119048,0.003333333,0,0,5.95E-05,0.00422619,0.000238095,0.001309524,5.95E-05,0.001309524,0,0,0.000119048,0.000119048,0,0.000297619,0,0,0,0,0.008214286,5.95E-05,0,0.000178571,0.004761905,0,0,0,0.000178571,0,0,0.000119048,0.002202381,0,0.001547619,0,0.000714286,0,0,0,0,0.003690476,0.000238095,5.95E-05,0.000178571,0.001785714,0,0,0.002619048,5.95E-05,5.95E-05,0.000833333,0.00422619,0.000238095,0,5.95E-05,0,0,0.000297619,0.000535714,0.002738095,0,0.012678571,0,0,0.003869048,0.010059524,0,0.007619048,0,0,0,0,0.000833333,0.000595238,0,0.000297619,0,0.000119048,0.001964286,0.004702381,5.95E-05,0,0,0.001190476,0,0,0.04202381,0,0,0,0,5.95E-05,0.00047619,0,5.95E-05,5.95E-05,0.000119048,0.003214286,0.000119048,0.000952381,0.002202381,0.001428571,0.000119048,0,0,0,0,0,0,0,0,0.001428571,0,0.00047619,0,0,0,0.001547619,0,0,0,0,0,0.003988095,0.000178571,0.000238095,0.000178571,0.000119048,0.000178571,0.004583333,0,0.00797619,5.95E-05,0,0,0.005178571,0.000535714,0.00327381,5.95E-05,5.95E-05,0.000178571,0,0,0,0,0,0,0,0,0,0,0.010059524,0.000357143,0.010357143,5.95E-05,0.000178571,0.020892857,5.95E-05,0,0.000119048,0.013452381,0,0,0,0,0,0,0,0,0,0,0.011309524,0,0,0,0,0,0,0,0,0,0,0,0,0.008333333,0,0,0.00125,0.000119048,0,0.000535714,0.000119048,0.056845238,0,0.001190476,0.000238095,1,0,0,1,1,0,1,1,0,0,0,0,0,0
0.006759752,0,0.009419326,0.000110816,0.000110816,0.003102837,0.008200355,0.000221631,0,0,0,0.000221631,0.02847961,0,0.00177305,0,0.011635638,0.002327128,0.001662234,0.000554078,0.001662234,0,0.009086879,0.003435284,0,0.000110816,0.000443262,0,0,0,0.003324468,0.003435284,0,0,0.006759752,0,0.003989362,0,0.006316489,0.01939273,0.003989362,0,0.000221631,0.015846631,0.000110816,0.000554078,0,0,0,0,0.000554078,0.005208333,0,0,0.000332447,0,0,0.007203014,0,0.000443262,0.003435284,0,0,0.003324468,0.000221631,0,0,0.053856383,0,0.000221631,0.000332447,0,0.000554078,0,0,0.001662234,0,0,0.001883865,0.003213652,0,0.013962766,0,0,0.001329787,0,0,0.007867908,0,0,0.000110816,0.000110816,0,0.003435284,0.03125,0.000443262,0,0.000332447,0.000775709,0.019614362,0.000110816,0,0.001883865,0.001440603,0,0,0,0,0,0,0.000332447,0.000221631,0,0.001108156,0.00099734,0.000110816,0.000775709,0.006870567,0.00099734,0.002105496,0.00376773,0.004210993,0,0,0,0,0,0,0,0,0,0,0,0,0,0,0,0.000886525,0,0,0,0,0.000110816,0.016179078,0,0.000886525,0.004100177,0,0,0.004210993,0,0.012632979,0.006648936,0.000110816,0,0.00454344,0.000664894,0,0.000664894,0.00099734,0.00277039,0,0,0.000221631,0,0,0,0,0,0,0,0.003989362,0.000221631,0.007535461,0.000110816,0,0,0,0,0.000775709,0.000221631,0,0,0.004432624,0,0,0,0,0,0,0,0,0,0,0,0,0.000110816,0,0,0,0,0,0.001551418,0.001440603,0.001883865,0,0,0.004875887,0.000332447,0,0.012632979,0.000332447,0,0,0.000554078,0.002105496,1,0,0,1,1,0,1,1,0,0,0,0,0,0
0,0,0,7.02E-05,0,0,0.000702149,0.001614942,7.02E-05,0,0,0.000210645,0.000842578,0,0.001755371,7.02E-05,0,0.000491504,0.00014043,0,0,0,0.009619435,0.000351074,0,0.000491504,0,0,0,0.00014043,0,0.00245752,0,0,0.013691897,0,0,0,0,0.011655666,0,0.002878809,0.001895801,0,0,0,0,0.003159669,0,0,0.000842578,0.001334082,7.02E-05,0,0,0.001895801,0.000702149,0,7.02E-05,0,0.011374807,0,0,0.001334082,0.00014043,0,0.001123438,0,0,0,0,0,0.01460469,0,0,0,0,0,0.001263867,0.000421289,0.008144923,0,0,0,0.000421289,0,0,0,0,0,0,0,0,0.001544727,0.001474512,0.001193653,7.02E-05,0.000702149,0.006459767,0,0,0,0,0,0,0,0,0,0,0,0.00014043,0,0,0,0.000210645,7.02E-05,0,0.006810841,0.010110939,0.006389552,0,0.005968263,0,7.02E-05,7.02E-05,0.003932032,0,0,0,0,0,7.02E-05,0,0.003721387,0,0,0,0,0,0,0,0,0.002176661,0.014113186,0,0.000912793,0.002878809,0.000702149,0,0.004072462,0,0.001474512,0.000631934,0,0,0.006319337,0,0,0,0.00231709,0.001474512,0,0,0,0,0,0,0,0,0,0,0.004634181,0.002949024,0.007793849,0,0,0,0.000210645,7.02E-05,0,0.001263867,0,0,0,0,0,0,0,0,0,0,0,0,0,0,0,0,0,0,0,0,0,0,0,0.000702149,0,0,0.000280859,0.000351074,0.00014043,0.012638674,0,0,0,0.001966016,7.02E-05,1,0,0,1,1,0,1,1,0,0,0,0,0,0
0.002056637,0,0.004192375,0.001740231,0,0.001502927,0.005853504,0.004983389,0,0,0,7.91E-05,0.000711913,0.021436482,0.000870115,0.000158203,0.000158203,0.000474608,0.00055371,0.001898434,0.012577124,0,0.002373042,7.91E-05,0,0.00055371,0.000474608,0.000474608,0.000237304,0,0.001186521,0.002373042,0.000316406,0,0.001028318,0,0.001582028,7.91E-05,0,0.000711913,0.00055371,0,0.001977535,0,0,0.000316406,0,0,0,0,0.003084955,0.003875969,0,0.001344724,7.91E-05,0.000870115,0.00166113,0.001344724,0,7.91E-05,0,0.000632811,0,0.003084955,0.000395507,0,0,0.012972631,0,0.001028318,0.000158203,0.023493118,0.001977535,0,0.00055371,0.000711913,0,0.000791014,0.000316406,0.002689448,0,0.009492169,0,0,0.003322259,0,0,0,0,0,0,0,0,0.003717766,0.000949217,0.000791014,0,0.000395507,0.000870115,0.008147445,0,0,0.000395507,7.91E-05,0,0.00055371,0,0,0,0,0.000158203,0,0.000474608,0,0.000791014,7.91E-05,0.000158203,0.007040025,0.00166113,0.000395507,0,0.002056637,0,0.002135738,0.000158203,7.91E-05,0,0,0,0,7.91E-05,0.000711913,7.91E-05,0.001186521,0,0,0,0.015899383,0,0,0,0,0.000474608,0.00110742,0,0.030849549,0.004271476,7.91E-05,0.00055371,0.004034172,0,0.006486315,0.00110742,7.91E-05,0,0.009650372,0.000474608,0.023255814,0.000158203,0.000158203,0.002056637,7.91E-05,7.91E-05,0,0,0,0,0,0,0,0,0.000395507,0.007119127,0.003401361,7.91E-05,0.022702104,0.058139535,7.91E-05,0,0,0.008622053,0,0,0,0,0,0,0,0,0,0,0,0,0,0,0.02641987,0,7.91E-05,0,0.016136687,0,0,0,0,0.003638665,0.000158203,0,0.007831039,0.001502927,7.91E-05,0.001423825,7.91E-05,0,0,0.000237304,0.000632811,1,0,0,1,1,0,1,1,0,0,0,0,0,0
0,0,0,0.004457796,0.000193817,0.001259812,0.029169493,0,0,0,0,0,0.000387634,0,0,9.69E-05,0,0.000581452,0.001162903,0,0,0,0.001065995,0.002422715,0,0.014148658,0.000290726,0,0.000775269,0,0,0,0,0,0.002713441,0,0,0,0,0,0.000290726,0,0.001356721,0,0,0,0,9.69E-05,0,0,9.69E-05,0.00067836,0,0,0,0,0,0,0,0,0.003585619,0,0,0.012307394,0.000193817,0,0.000775269,0,0.000387634,9.69E-05,0,0,0,0,0,0,0,0,0.018994089,0,0,0,0,0,0,0,0,0,0,0,0,0,0,0.000193817,0,0,0.002228898,0,0.000581452,0,0,0.000775269,0,0.000581452,0,0,0,0,0,0,0,0,0,0.000387634,0,0,0,0.004748522,0.000969086,0,0,0,0,9.69E-05,0,0,0,0,0,0,9.69E-05,0.001744355,0,0,0.000193817,0.000193817,0,0,0,0,0,0,0,0.013082663,0,0.002907258,0,0,0,0.001065995,0,0.000387634,0.000775269,0,0,0,0,0,0.001453629,0,0,0,0,0,0,0,0,0,0,0,0,0.003391802,0.000969086,0.001065995,0,0,0,0,0,0,0.007171238,9.69E-05,0,0,9.69E-05,0,0,0,0,0,0,0,0,0,0,0,0,0,0,0,0,0,0,0,0,0,0,0.000290726,0,0,0,0,0,0,0.004651614,0.001550538,1,0,0,1,1,0,1,1,0,0,0,0,0,0
0,0,0.000991616,0.003876318,9.01E-05,0.001622645,0.034436131,0.000450735,0,9.01E-05,0,0.000270441,0.024610114,0.010817633,0.001081763,9.01E-05,0.010276751,0.011268367,0.000811322,0.003335437,0.052826107,9.01E-05,0.002974849,0.006310286,0.002163527,0.00207338,0.001622645,0.000450735,0.002163527,0,0.006129992,0.00234382,0,0,0.015865861,0,0.010997927,0,0.003876318,0.008744253,0.003155143,0,0.013161453,0.003515731,0,9.01E-05,0,9.01E-05,0,0,0.000360588,0.02091409,0,0.00558911,0,0.001532498,0,0,9.01E-05,0.001893086,0.012981159,0,0,0.00649058,0,0,0,0.0088344,0.002704408,0.001262057,9.01E-05,0.002794555,0.001802939,0,0.000721176,0.005408816,0,0,0.001893086,0.001262057,0,0,0,0,0.002433967,0.012350131,0,0.00117191,0,0,0.000180294,0,0,0.001893086,0.049130082,0,0,0.000450735,9.01E-05,0,9.01E-05,0,0.001081763,0.000450735,0,0,0,0,0,0,0,0,0,0,0.00117191,9.01E-05,0.000180294,0,0.000270441,0.001442351,0.001081763,0.008924547,9.01E-05,9.01E-05,9.01E-05,0,0,0,0,0,0,0.00117191,0,0.000540882,0.000721176,0,0,0.000360588,0.002524114,0,0,0,0.000180294,0.023798792,0.004867935,0,0.000180294,0,9.01E-05,0.023528351,0,0.007572343,0,0,0,0.005138376,0,0,0.001532498,0.000180294,0.000180294,0,0,0.000270441,0,0,0,0,0,0,0,0.009465429,0.01090778,0.008473812,9.01E-05,0,0,0.000180294,9.01E-05,0.000180294,0.003876318,0,0,0,0,9.01E-05,9.01E-05,0,0,0,0,0,0,0.000360588,0,0,0,0,0,0,0,0,0,0,0,9.01E-05,0,0.000450735,0.001262057,0,0.008924547,0,0,0,0.003786171,0.001442351,1,0,0,1,1,0,1,1,0,0,0,0,0,0
0,0,0,0.003613007,0,0.005887863,0.004683527,0.00053526,0.000133815,0,0,0,0.00026763,0,0.001471966,0.000133815,0,0.000133815,0.001739596,0.000133815,0,0,0.003880637,0.012712431,0,0.000936705,0.00026763,0.002676301,0.000133815,0,0,0.000669075,0,0,0.002141041,0,0,0,0.000669075,0.005620233,0.00026763,0.007493644,0.00053526,0,0,0,0,0.00026763,0,0,0.000133815,0.002274856,0,0,0,0.000936705,0,0,0,0.00080289,0,0.002141041,0,0.002542486,0.005352603,0,0.000936705,0,0.000133815,0.001070521,0,0,0.002274856,0,0.002943931,0.003479192,0,0.00026763,0.004282082,0.001204336,0,0,0,0,0.001873411,0,0,0,0.000133815,0,0,0,0.002943931,0.001204336,0,0.000401445,0.000401445,0.001873411,0.000401445,0.000401445,0,0.000133815,0,0.002274856,0,0,0,0,0,0,0.000133815,0.000133815,0,0,0.000669075,0.000133815,0,0.027164459,0.001471966,0.004148267,0.003746822,0.112538472,0,0.000133815,0.00026763,0,0,0,0,0,0,0.00026763,0,0,0.00053526,0,0,0,0,0,0,0,0,0.023952897,0.019537,0.005887863,0.001605781,0,0,0.040947411,0,0.008430349,0.00080289,0,0,0.001605781,0,0,0.001204336,0.008564164,0.000401445,0,0,0,0,0,0,0,0,0,0,0.004683527,0.004148267,0.017128329,0,0,0,0.00053526,0,0.001070521,0.005620233,0,0.000133815,0,0,0,0,0,0,0,0,0,0,0,0,0,0,0,0,0,0,0,0,0,0.006690753,0.000133815,0,0,0,0,0.001070521,0,0,0,0.011508096,0.000936705,1,0,0,1,1,0,1,1,0,0,0,0,0,0
0,0,7.95E-05,0.000318167,0,0.000318167,0.019567292,0.001431753,0,0,0,0,0.01598791,0.000795418,0.00214763,0,0.005090678,0.002068088,0.000556793,0.002783964,0.000954502,0,7.95E-05,0.000238626,0.000159084,0,0.000238626,7.95E-05,0,0,0,0.000238626,0,0,0.001988546,0,0,0,7.95E-05,0.004613427,7.95E-05,0,0.000397709,0.000954502,0,0.000159084,0,0.000159084,0,0,0,0.001034044,0,0.000715877,0,0.001034044,0.000238626,0,0,0.000318167,0.00174992,0,0,0.001193128,7.95E-05,0,0.000556793,0.00087496,0,0.000159084,7.95E-05,0.001193128,0.000318167,0,0.000159084,0.002465797,0.001670379,0.003579383,0.002704423,0.000556793,0.000636335,0.001829462,0,0,0.000477251,0.000159084,0,0,0,0,0,0,0.000397709,0.001193128,0.000556793,0.000159084,0,7.95E-05,0,0.005329303,7.95E-05,0,0,0.001909004,0,0,0.009226853,0,0,0,7.95E-05,0,7.95E-05,0,0.001511295,0.000159084,0,0.009863188,7.95E-05,0.002068088,0.001511295,0.002863506,0.000159084,0,0,0.000954502,0,0,0,0,0,0.000159084,0,7.95E-05,0.000715877,0,0,0,0,0,0,0,7.95E-05,0.004454343,0,0.007158766,0.000159084,0,0,0.00692014,0,0.001034044,0.037941457,0,0,0.000715877,0.000159084,0.001988546,0.000636335,0.000556793,0.000318167,0,0,0.000238626,0,0,0,0,0,0,0,0.001670379,0.000159084,0.000556793,0,0.002386255,0.004931594,0.000159084,7.95E-05,0.000715877,0.00477251,0,0,0,0,0,0,0,0,7.95E-05,0.001829462,0,0,0,0,0,0,0,0,0,0,0.002465797,0,0,0.001909004,0,0,0.000477251,0.000318167,0,0,7.95E-05,0,0,0.002068088,0.003102132,1,0,0,1,1,0,1,1,0,0,0,0,0,0
0.00065901,0,0.003200904,0.000753154,0,0.001035587,0.072867633,0.001882885,9.41E-05,0,0,9.41E-05,0.001882885,0.036622105,0,0.000188288,0.006590096,0.006590096,0.00065901,0.001412163,0,0,0.031067596,0.00423649,9.41E-05,9.41E-05,0,0,0,0,0.009414423,0.006966673,0.000188288,0,0.002636038,0,0.011956317,0,0,0,0.005366221,0,0.00178874,0.000941442,0,0.000564865,0,9.41E-05,0,0.000753154,0.000376577,0,9.41E-05,0.027395971,0.000188288,0,0,0,0.000564865,0,0.004424779,0,9.41E-05,0.003200904,0.00178874,0,0,0.008378836,0,0.000470721,0.000564865,0.01647524,0.00065901,0,0.000753154,0,0,0,0.002636038,0,0,0,0,0,0.00065901,0,0,0,0,0,0.000188288,0,0,0.00244775,0.003483336,0,0,0.000564865,0.003954058,0.010544154,9.41E-05,9.41E-05,0.000470721,0,0,0,0,0,0,0,0.000188288,9.41E-05,0,0.024571644,0,0,0.000282433,0,0.002071173,0,0,0,0.000188288,0.000188288,0,0,0.002353606,0,0,0.001035587,0,0,0,0.001600452,9.41E-05,0,9.41E-05,0.001977029,0.015063077,0,0,0,9.41E-05,0.011203163,0.002541894,0.015345509,0.000188288,0.000376577,0,0.022406326,0,0.015910375,0,9.41E-05,9.41E-05,0.001506308,0,0,0,0.003012615,0.000188288,0,0,0,0,0,0,0,0,0,0,0.003671625,0.000753154,0.007531538,0,0,0.003765769,0,0,0,0.036151384,0,9.41E-05,0,0,0,0,0,0,0,0,0,0,0,0,0,0,0,0,0.007908115,0,0,0,0,0,0,0,0.000188288,0.000564865,9.41E-05,0.000847298,9.41E-05,0.005083788,0,0.004989644,0.006213519,1,0,0,1,1,0,1,1,0,0,0,0,0,0
0,0,0,0.001976055,0,0,0,0,0.000116239,0,0,0,0.000232477,0,0,0.000116239,0,0,0,0,0,0,0,0.008020458,0,0.000116239,0,0,0,0.000116239,0,0,0,0,0.016389632,0,0,0,0,0.000929908,0,0,0,0,0,0,0,0,0,0,0,0.008950366,0,0,0,0,0,0,0,0,0.014413577,0,0,0.000581193,0.001859816,0,0.000116239,0,0,0.001046147,0,0,0.002673486,0,0,0.004300825,0,0,0.00627688,0.000116239,0,0,0,0,0,0,0,0,0,0,0,0,0,0.000116239,0,0,0,0.000464954,0.000116239,0.000116239,0,0,0,0,0,0,0,0,0,0,0,0.000232477,0,0.000116239,0,0.000464954,0,0,0.003719633,0,0,0,0,0.001976055,0.000116239,0,0,0,0.004765779,0,0,0.004998256,0,0.001394862,0.001278624,0,0,0,0,0,0,0,0,0.070440544,0.038358712,0,0,0.000697431,0,0.045914216,0,0.001162385,0.01650587,0,0,0,0,0,0,0.000116239,0,0,0,0,0,0,0,0,0,0,0,0.005463211,0,0.008136697,0,0,0,0.000232477,0,0,0,0,0,0,0,0,0,0,0,0,0,0,0,0,0,0,0.000116239,0,0,0,0,0,0,0,0,0,0,0,0.000116239,0.000116239,0,0,0,0,0.012321283,0.008485412,1,0,0,1,1,0,1,1,0,0,0,0,0,0
0,0,0.006113838,0.000344442,0,0.003444416,0.003702747,0.001205546,0,8.61E-05,0,8.61E-05,0.000861104,0.006286059,0.001636097,0,0.007319383,0.004994403,0.000430552,0,0.002755533,0,0.001033325,0.001808318,0.001119435,0.000172221,0.000688883,0.000344442,0.000172221,0,0.000430552,0.000516662,0,0,0.003186085,0,0.000430552,0,0,0.003961078,0.004822182,0.005338844,0.001033325,0.000516662,0,0.000602773,0,0,0,0,8.61E-05,0.002583312,0,0.006372169,0,0.000602773,0,0,0.000172221,0.003013864,0.009816585,0,0,0.00439163,8.61E-05,0,0,0.031085852,0,0.000258331,8.61E-05,0,0.001722208,0,0.000344442,0,0,0.000430552,0.004736072,0.000430552,0,0.000774994,0,0,0.001808318,0,8.61E-05,0,0,0,8.61E-05,0,0.001377766,0.001549987,0.024972014,8.61E-05,0,0.000172221,0.003616637,0.000602773,0,0,0.000172221,0.000774994,0,0,0.003530526,0,0,0,0,0,0.000172221,0,0.000258331,8.61E-05,0.000516662,0.007922156,0.000258331,0.000516662,0,0,0,8.61E-05,0,0,0,0,0,0,0,0,0,8.61E-05,0,0,0,8.61E-05,0,0,0,0,8.61E-05,0.009988806,0,0.009816585,0.000602773,0,0,0.009213812,0,0.003099974,0.029880307,0,0,0.000516662,0.000172221,0.001291656,0.000258331,0.001033325,0.001636097,8.61E-05,0,0,0,0,0,0,0,0,0,0.012399897,0,0.003013864,0,0.001205546,0,0.000172221,0.000172221,0.000861104,0.014724877,0,0,0,0,0,0,0,0,0,0,0,0,0,0,0,0,0,0,0,0,0,0,0,0.010505468,0,0,0.000172221,0.000602773,0,0.00215276,8.61E-05,0.001980539,0,0.007836046,0.004219409,1,0,0,1,1,0,1,1,0,0,0,0,0,0
0.000755287,0,0.002157963,0.000647389,0.000107898,0.011437203,0.00873975,0.000323694,0,0,0,0.000215796,0.000323694,0,0.000971083,0,0.007984463,0.011653,0.000755287,0.003884333,0.04769098,0,0.000755287,0.005287009,0.000107898,0.001078981,0.001078981,0,0,0,0.001078981,0.003129046,0,0,0.009602935,0,0.00118688,0,0.009818731,0.002050065,0.003668537,0,0.000539491,0.005610703,0,0,0,0.000107898,0.001834268,0.000107898,0.000539491,0.002157963,0,0.000647389,0.000107898,0.000863185,0,0.000323694,0,0,0.009171342,0.001294778,0.000107898,0.014889944,0.000431593,0,0.001510574,0.003344842,0.000863185,0.000323694,0,0.000863185,0.000971083,0,0,0,0.001078981,0.000431593,0.00172637,0.008092361,0.001834268,0.001294778,0,0,0.00172637,0,0,0,0.000107898,0,0.000431593,0,0.000107898,0.003129046,0,0.001294778,0.000647389,0.000323694,0.000215796,0.001942167,0.000107898,0,0.001294778,0.000431593,0,0,0.010681916,0,0,0,0.000215796,0,0,0.000755287,0.008200259,0,0.000323694,0.004100129,0.000107898,0.013703064,0.003560639,0,0,0.000755287,0,0,0,0.000107898,0,0,0,0.004423824,0,0.000647389,0.000107898,0,0,0.000215796,0.001078981,0,0,0,0.000107898,0.008523953,0,0.007984463,0.002157963,0,0.00118688,0.016508416,0,0.003452741,0.002589555,0.000107898,0.000215796,0.00291325,0,0.001618472,0.001942167,0.001942167,0.000539491,0,0,0.000107898,0,0,0,0,0,0,0,0.022227018,0.000647389,0.011329305,0,0.000107898,0,0.000215796,0.000107898,0.000323694,0.002373759,0,0,0.004963315,0,0,0,0,0.000215796,0,0,0,0.001942167,0,0.000431593,0,0,0,0.000107898,0,0.035174795,0,0,0,0,0,0,0.000431593,0,0,0.000755287,0.000323694,0,0,0.000107898,0.00172637,1,1,0,1,1,0,1,1,0,0,0,0,0,0
0,0,0.00031903,0.00095709,0.000159515,0.007417451,0.002552241,0,0,0,7.98E-05,0.001993938,0.009172117,0.001276121,0,7.98E-05,0,0.000558303,7.98E-05,0.010527995,0.001355878,7.98E-05,0.000558303,0.004625937,0.000239273,0,0.003190301,0.002153454,0.004227149,0,0,0.003987877,0.000478545,0,0.065002393,0.000239273,0,7.98E-05,0,0,0.001355878,0.014356357,0.011724358,0.000239273,7.98E-05,0.000159515,0,7.98E-05,0,0,0.002392726,0.000239273,0,0,7.98E-05,0.001036848,0,0,0,0.001276121,0.065799968,0.001914181,0,0.000478545,0,0,0,0.001993938,0,0.004067634,0,0,0.003589089,0,0.002392726,0.000478545,0,0,0.007576966,0.014755144,0,0,0,0,0.003987877,0.013558781,0,0,0,0,0.000159515,0,0,0.001595151,0.000717818,0,0.002711756,0,0.00031903,0.004705695,0,0.000877333,0,0,0,7.98E-05,0.000398788,0,0,0,0,0,0.000478545,0.000239273,0.002711756,0,0,0.009092359,0.000159515,0.007018663,0,7.98E-05,0.000159515,0.000159515,0,0,0,0,0,0.002312969,0,7.98E-05,7.98E-05,0.0058223,0,0,0,0.001196363,0,7.98E-05,0,0,0.000159515,0.075929175,0.000239273,0.04306907,0.003270059,0.000239273,0,0.000159515,0,0.004944967,0.012840963,0,0,0.012442176,0.000717818,0,7.98E-05,7.98E-05,0.000159515,0,0.006699633,0,0,0,0,0,0,0,0,7.98E-05,0.005343755,0.003110544,0,7.98E-05,0,7.98E-05,0,0,0.026798532,0,0,0,0,0,0,0,0,0.000239273,0,0,0,0,0,0,0,7.98E-05,0,0,0,0.011086298,0,0,0,0.001276121,0,0.000159515,7.98E-05,0.000159515,0.00031903,0,0.037007497,0,0.001435636,0.007018663,0,0,0,1,1,0,1,0,0,0,0,0,0,0
0.009237421,0,0,0.000262055,6.55E-05,0.000327568,0.001768868,0.000524109,0,0,0,0,0.001506813,0.004913522,0.000786164,0,0.003144654,0.007861635,0.000262055,6.55E-05,0.054310797,0,0.001703354,0.000982704,0.000131027,0.001113732,0.000524109,0.003144654,0.000262055,0,0.000131027,0.001179245,0.000131027,0,0.002358491,0,0.000131027,0,0.000131027,0.005175577,0.000982704,0,0.000131027,0.001179245,0,0,0,6.55E-05,0,0,6.55E-05,0.002620545,0,0.004454927,0.000131027,0.000196541,0,0.001703354,0,0,0,0.00596174,6.55E-05,0.004389413,6.55E-05,0,0,0.001768868,0.000851677,0.000458595,0.000393082,0.010547694,0.000393082,0,0.00216195,0.001572327,0.009040881,0.000196541,0.000786164,0.000131027,6.55E-05,0.002227463,0,0,0.001113732,0.001244759,0,0,0,0,6.55E-05,0,0,0.004913522,0.001506813,0.000524109,0.000262055,6.55E-05,0,0.024174528,6.55E-05,0.000196541,0.010809748,0.000458595,0,0.002227463,0,0,0,0,0.000131027,0.000196541,6.55E-05,0,0.002686059,0,0.000458595,0.001244759,0.001768868,0.001572327,0.002686059,0.020898847,0,6.55E-05,0,0.000262055,0,0,0,0,0,0,0,0.0014413,0.003210168,0,0,6.55E-05,0.00812369,0,0,0,0.000196541,0.004848008,0.002358491,0.01644392,0.000131027,0.000196541,0,0.024109015,0,0.002817086,0.005765199,0,0,0.00216195,0.000327568,0.000458595,0.000262055,0.000655136,0,6.55E-05,0.000589623,0,0,0,0,0,0,0,0,0.001965409,0.000131027,0.004716981,6.55E-05,0,0.006158281,0.000131027,6.55E-05,0.000327568,0.052672956,0,0,0,0,0,0.000196541,0,0,0,0.122903564,0.000655136,0,0,0,0,0,0,0,0,0.004651468,0,0,0,0,6.55E-05,0,0.000655136,0.000131027,0.000131027,0.003144654,6.55E-05,0.013888889,0,6.55E-05,0.003341195,0,0,0,1,1,0,1,0,0,0,0,0,0,0
0,0,0,0.000304136,0,0.001824818,0.018957826,0.00162206,0,0,0,0.000101379,0.077250608,0.003345499,0.000608273,0,0,0.000506894,0.000506894,0,0.000709651,0,0.000101379,0.00162206,0.001723439,0,0.001520681,0,0.000101379,0,0,0.000709651,0.000101379,0,0.000101379,0,0,0,0,0.003852393,0.002331711,0,0.001520681,0,0,0,0,0.000101379,0,0,0.000101379,0.002838605,0,0,0.000101379,0.000101379,0.000608273,0,0,0.001115166,0.001216545,0.001520681,0,0.000405515,0,0,0.003649635,0,0,0.000304136,0.000506894,0,0.001115166,0,0.001520681,0,0,0.00243309,0.001926196,0.000202758,0,0.000202758,0,0,0.001216545,0,0,0,0,0,0.000304136,0,0.000202758,0,0.018349554,0.000101379,0.000405515,0.000202758,0.001419303,0.000608273,0.000101379,0,0,0.001520681,0,0,0.017437145,0,0,0,0,0.000912409,0,0,0.000405515,0,0,0.007502028,0.000506894,0.001824818,0.001317924,0,0.000101379,0,0,0,0,0,0,0,0,0,0,0.001013788,0.000202758,0,0,0,0,0,0,0,0.000202758,0.014294404,0,0.009225466,0.000709651,0.000405515,0.001216545,0.010442011,0,0,0.00081103,0,0,0.002534469,0,0.004156529,0.000709651,0.001216545,0.000304136,0,0,0,0,0,0,0,0,0,0,0.007400649,0.000506894,0,0,0,0.007806164,0.000304136,0,0.00081103,0.009935118,0.000101379,0,0,0,0,0,0,0,0,0,0,0,0,0,0,0,0,0,0,0,0,0,0,0.002939984,0.000101379,0,0.001013788,0.000608273,0,0.012368208,0.000101379,0,0,0.000202758,0.000202758,0,0,0,1,1,0,1,0,0,0,0,0,0,0
0.012255113,0,0.002848019,8.63E-05,0,0.00405627,0.00405627,8.63E-05,0,0,0,8.63E-05,0.054371278,0.000863036,0.000604125,0,0.035211875,0.001467161,0.00094934,0,0.004660395,0,0.046172435,0.010011219,8.63E-05,0.000172607,0.000258911,0.000172607,0,0,0.011478381,0.002502805,0,0,0.001984983,0,0.017260723,0,0,0.000258911,0,0.009320791,0.000431518,0,0,0,0,0.000172607,0.000258911,0.000172607,8.63E-05,0.003797359,0,8.63E-05,0.000345214,0.000863036,0.000345214,0,0,0.001553465,0.000345214,0.00595495,8.63E-05,0.000345214,0.000258911,0,0.000776733,0,0,0.002071287,0,0.013808579,0.001035643,0,8.63E-05,0,0.000345214,0.000345214,0.001639769,0.00094934,0,0.00500561,0,0,0.00189868,0,8.63E-05,0,0,0,8.63E-05,0,0,0.00094934,0,0.000690429,0.000258911,0.000431518,0.001639769,0,8.63E-05,0,0,0.001208251,0,0,0.014757918,0,0,0,0.000258911,0.000345214,0.000258911,0.000604125,0.000517822,0.000172607,0.000258911,0.024941745,0.000431518,0.002071287,0,0,0.003538448,8.63E-05,0,0,0,0,0,0,0,0.023215673,0,0.021834815,0,0,0,0.000172607,0,0,0,0,8.63E-05,0.010356434,0.000863036,0.017088116,0.001553465,0.000172607,0.005609735,0.004487788,0,0,0.000517822,0,0,0.000345214,0.000172607,0,0.000776733,0.000863036,0.005609735,0,0,0,0,0,0,0,0,0,0,0.005091913,0.000776733,0.002330198,0,0.009234487,0,0.000258911,0,0.000604125,0.001294554,8.63E-05,0,0,0,0,0,0,0,0,0,0,0,0,0,0,0,0,0.000345214,0,0,0,0.001984983,0.00189868,0.000172607,8.63E-05,0,0.000604125,0.000431518,0,0.000258911,8.63E-05,0,0,0.00215759,8.63E-05,0,0,0,1,1,0,1,0,0,0,0,0,0,0
0,0,0.000854133,0.002942014,0,9.49E-05,0.005978931,0,0,0,0,9.49E-05,9.49E-05,0.000189807,0,9.49E-05,0,0.000189807,9.49E-05,0.000189807,0.002372592,0,0.000569422,0.001898073,9.49E-05,0.001992977,9.49E-05,0,0.000189807,0,0,0.00180317,0.000664326,0,0.003511436,0,0,9.49E-05,0,0.008826042,0.000664326,0,0,0,0,0.000474518,0,0,0,0.000379615,0.000474518,0.000474518,0,0,0.000379615,0.001233748,0,0,0.000189807,0,0.003321629,0,0.000189807,0.002657303,9.49E-05,0,0,0,0.000284711,0.001708266,0,0,0.001233748,0,0,0.003416532,0,0,0.00825662,0,0,0.00284711,0,0,0,0,0,0,0,0,0.003131821,0,0,0.006073835,0.033026478,0,0,0.000569422,0.000379615,0,0,0,0.000284711,0,0,0,0.000284711,0,0,0,0,9.49E-05,0,0.002087881,0,9.49E-05,0,0,0.004080858,0,0,0.038625795,0,0.003131821,0,0,0,0,0,0,0,0.001518459,0,0.000189807,0.002277688,0,0,0,0,0,0,0,0.000284711,0.011957863,0.002657303,0.000189807,0,0.000284711,0,0.014425358,0,0.009205656,0.012337477,9.49E-05,0.000284711,0.001518459,0,0.022112556,0,0.001518459,0,9.49E-05,0,0,0,0,0,0,0,0,0,0,0,0.030843694,0,0,0,0,0,0,0.011388441,0,9.49E-05,0,0,0,0,0,0,0,0,0,0,0,0,0,0,0,0,0,0,0,0,0,0,9.49E-05,0,0.001613362,0.000569422,0,0.004365569,0.008636234,0,0,0.000759229,0.006263642,0,0,0,1,1,0,1,0,0,0,0,0,0,0
0.026749783,0,0.000552355,0.00039454,0,0.002051606,0.000473447,0.00149925,0,0,0,7.89E-05,0.002130514,0.001814882,0.000236724,7.89E-05,0.000157816,0.001420342,0.000315632,0.001341435,0.087824509,0,0.000315632,7.89E-05,0.008679871,0.003471948,0.00039454,0.001104711,0,0,0.00039454,0.00149925,0,0,0.01246745,0,0.00039454,0,0,0.000552355,7.89E-05,0,7.89E-05,0.016176122,0,0,0,0,7.89E-05,0,7.89E-05,0.004261027,0,0,0,0.000631263,0.000631263,0,0,0.000157816,0.010731476,0,7.89E-05,0.014045609,0.000631263,0,0,0.015623767,0,0.000236724,7.89E-05,0,0.000867987,0,0.000789079,0.00228833,0.000236724,0,0.003314132,0.001104711,0,0,0,0,0.000946895,0,0,0,0,0,0.002525053,0,0,0.006707173,0.000710171,0,0.000710171,0.000157816,0,0.001262527,7.89E-05,0,0.002209422,7.89E-05,0.000236724,0,0.011520556,0,0,0,0,7.89E-05,0.000710171,0.000315632,0.00039454,0,0.000236724,7.89E-05,0.002051606,0.000473447,0,0,0,0.001025803,0,0,0,0,0,0.004892291,7.89E-05,0,0,0.002051606,0.000236724,0,0,0.000867987,0.011599463,0,0,0,7.89E-05,0.003314132,0.006233725,0.000710171,0.000552355,0.000236724,0,0.017675373,0,0.003156317,0.006549357,7.89E-05,0.00039454,0.003629764,0.000552355,0,0.000157816,0.00039454,0.002682869,0,0,7.89E-05,0,0,0,0,0,0,0,0.000315632,0.00039454,0.009547858,0,0.004971199,0,0,7.89E-05,0,0.032667877,7.89E-05,7.89E-05,0,0,0,0,0,0.000236724,0,0,0,0,0,0,0,0,7.89E-05,0,0,0,0,0.00039454,0.000315632,0,7.89E-05,0,0.000631263,0.001972698,0,0.003471948,7.89E-05,0,0,7.89E-05,0.00228833,0,0,0,1,1,0,1,0,0,0,0,0,0,0
0.003149748,0,0,0.000359971,9.00E-05,0.003419726,0.003419726,0,0,0,0,0.000179986,0.001349892,0,0,0,0,0.006479482,0.000719942,0.000899928,0.018538517,0,0.007649388,0.000359971,0.000179986,0.00161987,0.002519798,0.008009359,0.000449964,0,0,0.00287977,0,0,0.027177826,0,0,0,0,0,0.003509719,0,0.001889849,0,9.00E-05,0,0,0.000269978,0,0,0.000539957,0.003149748,0,0,0,0.000719942,0,0.003239741,0.000179986,0.000719942,0.001889849,0,0,0.006479482,0.00161987,0,0,0,0,0.00899928,0,0.00836933,0.001349892,0,0.007289417,0,0,0,0.003239741,0.000179986,0,0,0,0,0.005039597,0,0,0,0,0,0,0,0.000179986,0.000359971,0.002609791,0,0.002699784,0,0,0,0,0,0,9.00E-05,0,0,0,0,0,0,0,0,0,0,0.000899928,0,0,0.008009359,0.003419726,0.000269978,0.000899928,0,0.000179986,9.00E-05,0,0,0,0,0,0,0,0,0,0,0,0,0,0,0,0,0,0,0,0.018178546,0,0.009539237,0,0.000359971,0,0.00161987,0,0.012329014,0,0,0,0.006299496,0,0,0.000179986,0.002699784,0.00062995,9.00E-05,0,0,0,0,0,0,0,0,0,9.00E-05,0.001799856,0,0.000179986,0,0,0.000179986,0,0,0.003149748,0,0,0,0,0,0,0,0,0,0,0,0,0.012508999,0,0,0,0,0,0,0,0,0,0,0.00611951,0.000449964,0.001439885,0.001349892,0.000269978,0,0,0,0,0,0.001709863,0.141198704,0,0,0,1,1,0,1,0,0,0,0,0,0,0
0.000440335,0,0.000770586,0.000330251,0.000110084,0.001981506,0.004953765,0.000220167,0,0,0,0.000110084,0.015191546,0.000110084,0.000770586,0,0.004733598,0.000660502,0.000990753,0.00330251,0.000330251,0,0.000330251,0.001541171,0.000330251,0.000220167,0.000220167,0.000110084,0,0,0.000220167,0.000330251,0.000110084,0,0.003082343,0,0.000220167,0,0.000220167,0.007705856,0.000440335,0.004403347,0.002311757,0.000660502,0,0,0,0.000220167,0,0,0.000110084,0.003852928,0,0.000440335,0,0.000990753,0.000110084,0.000440335,0,0.000660502,0.0053941,0,0.000110084,0.00121092,0.000880669,0,0,0.00209159,0,0.000110084,0.000880669,0.002752092,0.001100837,0,0.000220167,0.000990753,0.000880669,0,0.002752092,0.001431088,0,0.000330251,0,0,0.000990753,0,0,0.000550418,0,0,0,0,0.000110084,0.000440335,0,0.000440335,0.000330251,0.000220167,0.000770586,0.001651255,0,0,0.000110084,0.000660502,0,0,0.003742845,0,0,0,0.000110084,0,0.000330251,0,0.000880669,0.000110084,0,0.004623514,0.000330251,0.00209159,0.001431088,0.001761339,0,0,0,0,0,0,0,0,0,0.000660502,0,0.004843681,0,0,0,0,0.000110084,0,0,0,0,0.005173932,0,0.002201673,0.001100837,0,0,0.016952884,0,0.002752092,0.000990753,0,0,0.001431088,0.000110084,0.001321004,0.000660502,0.000880669,0.002972259,0,0,0.000110084,0,0,0,0,0,0,0,0.009247028,0.001431088,0.0053941,0,0.000330251,0,0.000550418,0.000110084,0.000880669,0.003963012,0,0,0.001541171,0,0,0,0,0,0,0.000110084,0.002752092,0.00121092,0,0,0.005173932,0,0,0,0.001321004,0,0.000110084,0,0,0.003192426,0,0,0.000220167,0,0.000220167,0.000220167,0,0.008916777,0,0.015081462,0.000660502,0,0,0,1,1,0,1,0,0,0,0,0,0,0
0,0,0.009527212,0.00011909,0,0.001905442,0.03953793,0,0.00011909,0,0,0.00011909,0.001071811,0,0.00023818,0.000476361,0,0,0.000595451,0.00023818,0,0,0.010003573,0.007026319,0,0.001429082,0.000476361,0,0,0,0.006073598,0,0,0,0.010241753,0,0.006549958,0.00011909,0,0,0,0.008455401,0,0,0,0,0,0,0,0,0.00035727,0.020959867,0,0,0.00023818,0.003691795,0.00023818,0,0,0.001667262,0.010003573,0,0.000476361,0.025128022,0.000595451,0,0,0,0,0.001548172,0,0,0.001309992,0,0,0,0,0,0,0,0,0,0,0,0,0,0,0,0,0,0,0,0,0.009765392,0.093485769,0,0,0.001429082,0.007145409,0,0,0,0,0.00023818,0,0,0,0,0,0,0.00023818,0,0,0,0.001667262,0.00023818,0.00011909,0.000714541,0.004168155,0,0.000595451,0,0,0.00011909,0.00011909,0,0,0,0.00023818,0,0,0,0,0,0,0,0,0,0,0,0,0,0,0.043586995,0,0.016672621,0,0.001548172,0,0,0,0.005001786,0.001905442,0.00023818,0,0.003215434,0,0,0,0.000952721,0,0,0,0,0,0,0,0,0,0,0,0,0,0,0,0,0,0,0,0.00023818,0,0.00011909,0,0,0,0,0,0,0,0,0,0,0,0,0,0,0,0,0,0,0,0,0,0,0,0,0,0,0.001905442,0.00011909,0.010241753,0,0,0,0.004763606,0.00035727,0,0,0,1,1,0,1,0,0,0,0,0,0,0
0.002520161,0,0.002520161,0.002268145,0,0.000336022,0.016129032,0.000168011,0,8.40E-05,0,0.000588038,0.014364919,0.003024194,0.001176075,0,0.013356855,0.000168011,0.000672043,0.001428091,0,0,0.000588038,0.002100134,0,0.002016129,0.000336022,0,8.40E-05,0,8.40E-05,0.002940188,0,0,0.000504032,0,8.40E-05,0,0.001932124,0.014112903,0.004200269,0,0.003108199,0.012684812,0,0.000504032,0,8.40E-05,0.001176075,0,0.000756048,0.007224462,0,0,0.000168011,0.000420027,8.40E-05,0,0,0.000168011,0.001428091,0.002100134,8.40E-05,0.025957661,0.000168011,0,0,0.005376344,0,0.000504032,0,0.014112903,0.001512097,0,0,0,0,0,0.001596102,0.00436828,0.004788306,0.006216398,0,0,0.002436156,0,0,0,0,0,0.000504032,0,0.000252016,0.00109207,0.035534274,0.000420027,0,0.000336022,8.40E-05,0.016465054,0,0,0,0.001008065,0,0,0.044102823,0,0,0,0,0.000168011,0,0,0.000588038,0,0.000168011,0.006636425,0.002100134,0.00890457,0.001596102,0.003696237,0,0.000504032,0,0,0,0,0,0,0,0.001848118,8.40E-05,0.000168011,0,0,0,8.40E-05,0,8.40E-05,0,0,0,0.003780242,0.006552419,8.40E-05,0.001344086,0,0.001176075,0.002436156,8.40E-05,0.00218414,0.005460349,0,0,0.002772177,0,0.001512097,0.001428091,0.000756048,0.00109207,0,0,0,0,0,0,0,0,0,0,0.00218414,0.003108199,0.005880376,0,0.013860887,0.004452285,0,8.40E-05,8.40E-05,0.004788306,0,0,0,8.40E-05,0.000168011,0,0,0,0,0,0,0.007140457,0.008736559,0.000588038,0,0,0,0,0,0,0,0,0,0.001680108,0,0,0.000672043,0,0,0.015625,0.000168011,0,0,0.000252016,8.40E-05,0,0,0,1,1,0,1,0,0,0,0,0,0,0
0.004834551,0,0,0.001611517,0.000214869,0.00193382,0.007198109,0,0.000107434,0.000322303,0,0.000537172,0.004512248,0,0,0.001289214,0,0,0,0.000429738,0,0,0.032015471,0.002363558,0,0,0.000322303,0,0.000107434,0.00193382,0,0,0,0,0.008487323,0,0,0.000107434,0.000752041,0,0,0,0.020305114,0,0,0,0,0,0,0,0.001826386,0.004512248,0.000429738,0,0.00096691,0,0.001289214,0.004834551,0.003437903,0,0.00913193,0,0.003867641,0,0,0,0.001826386,0,0,0,0,0,0.002578427,0,0,0,0,0,0.000214869,0,0,0,0,0,0.001826386,0,0,0,0.000429738,0.000644607,0,0.000107434,0,0.018263859,0.059840997,0,0,0.000214869,0.000107434,0,0,0,0,0.000107434,0.000107434,0,0,0,0,0,0.000107434,0,0,0.038998711,0,0,0,0.003437903,0.00193382,0,0,0,0,0.000107434,0.000644607,0,0,0,0,0,0.000107434,0,0,0,0,0.000214869,0,0,0,0.000107434,0,0,0.000107434,0.008702192,0.002900731,0.054361839,0.000107434,0.002900731,0,0.031908036,0,0,0,0.000107434,0,0.006123765,0,0,0,0.004297379,0,0.000107434,0,0.000322303,0,0,0,0,0,0,0,0,0.021057155,0.022668672,0.000214869,0,0,0,0.000214869,0,0,0,0,0,0,0,0,0,0,0,0,0,0,0,0,0,0,0,0,0,0,0,0,0,0,0.001074345,0,0,0.001718951,0.000107434,0,0.001718951,0,0,0.001611517,0,0,0,0,1,1,0,1,0,0,0,0,0,0,0
0.017486613,0,0.001087684,8.37E-05,8.37E-05,0.003179384,0.013135877,0.001087684,0,0,0,8.37E-05,0.000334672,0.013637885,0.000502008,0,0.002259036,0.000334672,0.001171352,0.004434404,0.078313253,0,0.002844712,0.00167336,0,0.00083668,0.000585676,0.000251004,8.37E-05,0,0,0,8.37E-05,0,0.009538153,0,0.018574297,0,0.002593708,0.005605756,0.001171352,0.003095716,0.000502008,0.001422356,0,8.37E-05,0,8.37E-05,0,0.000920348,8.37E-05,0.006358768,0,0.000251004,0.000251004,0.000334672,0.000167336,0.017737617,0,0.000920348,0.004769076,0,8.37E-05,0.002175368,0.002761044,0,0,0.002677376,0.000167336,0.000251004,0.000251004,0,0.000585676,0,0.000251004,0,0,0,0.00376506,0.002342704,0.010542169,0.000334672,0,0,0.002677376,0.002175368,0.000167336,0.002761044,0,0,8.37E-05,0,0.00041834,0.005689424,0.001087684,0.000920348,0,8.37E-05,8.37E-05,0.012717537,0.000167336,0,0,0.001757028,0,8.37E-05,0.016566265,0,0,0,8.37E-05,0.000251004,0,0.00167336,0.001506024,0,8.37E-05,0.006024096,0.00083668,0.003095716,0.001004016,0.008450469,0,0,0,0,0.006526104,0,0,0.003263052,0,0.012801205,0,8.37E-05,0.000334672,0,0,0.00041834,0.000502008,0,0,0,0.000334672,0.007948461,8.37E-05,0.000753012,0.000251004,0.000167336,0,0.025769746,0,0.012382865,0.002677376,0,0,0.000753012,0,0.004350736,0.001004016,0.00041834,8.37E-05,8.37E-05,0,0.000334672,0,0,0,0,0,0,0,0.011713521,0.000167336,0.002426372,8.37E-05,0,0,0.000334672,8.37E-05,0.000920348,0.012633869,0,8.37E-05,0,0,0.000502008,0,0,0,0.000669344,0,0,0,0,0.000585676,0.001757028,0,0,0,0,0.00125502,0,0,0,0.001589692,0,0,0.000753012,0,0,0.000251004,0.000167336,0,0,0.000669344,0.002426372,0,1,1,1,1,0,1,0,0,0,0,0,0,0
0,0,0,0.000821918,0,0.001232877,0.009863014,0,0.000136986,0,0,0.000136986,0.001506849,0,0,0.000273973,0,0,0,0.002054795,0,0,0.012328767,0.004931507,0,0,0.000958904,0,0,0.000410959,0.001506849,0,0.000136986,0,0.00739726,0,0.006986301,0.000136986,0,0,0.002739726,0,0,0,0,0,0,0,0,0,0.000410959,0,0.000136986,0,0,0,0,0,0,0,0.007671233,0,0,0,0,0,0.001643836,0,0,0.000410959,0,0,0.001369863,0,0,0,0,0,0.001780822,0,0,0,0,0,0,0,0,0,0,0.000136986,0,0,0,0.005205479,0,0,0,0.00109589,0.001232877,0,0,0,0,0,0.000273973,0,0.000136986,0,0,0,0.000410959,0,0,0,0,0,0,0,0.009589041,0,0,0,0,0,0.000136986,0,0,0,0,0,0,0,0,0,0,0,0.000136986,0,0,0.000136986,0,0.015342466,0,0.034520548,0,0,0,0.000821918,0,0.017671233,0,0.003561644,0.002739726,0,0,0,0,0,0,0.004657534,0.013561644,0,0,0,0,0,0,0,0,0,0,0,0,0.021232877,0,0,0,0,0,0,0.023150685,0,0.000958904,0,0,0,0,0,0,0,0,0,0,0,0,0,0,0,0,0,0,0,0,0,0,0.000136986,0,0.006438356,0.000547945,0,0,0.000136986,0,0,0.000273973,0.000547945,0,0,0,1,0,0,1,1,0,0,0,1,0,1
0,0,0,0,0.002978024,0,0,0,0.000718833,0.003594167,0,0.00010269,0,0,0,0.000718833,0,0.012322859,0.002669953,0.000205381,0,0,0,0.000205381,0,0,0.000205381,0,0,0.002464572,0,0,0,0.001129595,0.002772643,0.00010269,0,0.000205381,0,0,0,0,0.003080715,0,0,0,0,0,0,0,0.00010269,0.000410762,0,0,0,0.000205381,0,0,0,0.005134525,0.001951119,0,0,0,0.00010269,0.000616143,0,0,0,0.000308071,0,0,0.000410762,0,0,0,0,0,0.001745738,0.000205381,0,0,0,0,0.000410762,0,0,0,0,0,0,0,0,0.00010269,0,0,0,0,0,0,0,0.000205381,0,0.003902239,0,0.049599507,0,0,0,0,0,0,0,0,0,0,0,0.00010269,0,0.00010269,0,0,0.00010269,0.00010269,0.00010269,0,0,0,0,0,0,0,0.00010269,0,0,0.038200863,0.000205381,0,0,0,0,0,0,0.004621072,0,0,0,0,0,0.007393715,0,0.001951119,0,0,0,0.000308071,0,0,0,0,0.00010269,0,0.098993633,0,0.000308071,0,0,0,0,0,0,0,0.004621072,0.000205381,0.005442596,0,0,0.00010269,0,0.00010269,0,0,0,0,0,0,0,0,0,0,0,0,0,0,0,0,0,0,0,0,0,0,0,0,0,0.00010269,0,0,0,0,0,0,0,0,0.00010269,0,0,1,0,0,0,0,1,1,0,0,0,1,0,1
0,0,0,0,0,0,0,0,0,0,0,0.000552792,0,0,0,0,0,0,0,0,0,0,0,0,0,0,0,0,0,0,0,0,0,0,0,0,0,0,0,0,0,0,0,0,0,0,0,0,0,0,0,0,0,0,0,0,0,0,0,0,0,0,0,0,0,0,0,0,0,0,0,0,0,0,0,0,0,0,0,0,0,0,0,0,0,0,0,0,0,0,0,0,0,0,0,0,0,0,0,0,0,0.106688778,0,0,0,0,0,0,0,0,0,0,0,0,0,0,0,0,0,0,0,0,0,0.514096186,0,0,0,0,0,0,0,0,0,0,0,0,0,0,0,0,0,0,0,0,0,0,0,0,0,0,0,0,0,0,0,0,0,0,0,0,0,0,0.008844666,0,0,0,0,0,0,0,0,0,0,0,0,0,0,0,0,0,0,0,0,0,0,0,0,0,0,0,0,0,0,0,0,0,0,0,0,0,0,0,0,0,0,0,0,0,0,0,0,0,0,0,0,0,1,1,0,0,0,0,1,1,1,0,0,1,1,1
0,0.000115115,0,0.000345344,0.009554507,0,0,0,0.000230229,0.000115115,0.000115115,0.000345344,0,0,0,0.021871762,0.000115115,0,0,0,0,0.000115115,0,0.000690687,0,0,0,0,0,0.004949925,0,0,0,0,0.014159088,0.000115115,0,0.000805802,0,0,0,0,0,0,0,0,0,0,0,0,0.000345344,0,0.000920916,0,0,0,0,0,0,0,0.014734661,0,0,0,0,0,0,0,0,0,0,0,0,0.000230229,0,0,0,0,0.003913894,0,0,0,0,0.000230229,0,0,0,0,0,0.00126626,0,0,0,0,0,0,0,0.000230229,0,0,0,0,0,0,0,0,0,0,0,0,0,0,0,0,0,0.000115115,0,0,0.001496489,0,0,0,0,0.034419247,0.000345344,0,0,0,0,0,0,0,0,0,0,0,0,0,0,0,0,0,0,0.044779556,0,0,0,0,0,0.003338322,0,0,0,0.000115115,0,0,0,0,0,0.000920916,0,0,0,0,0,0,0,0,0.000115115,0,0,0,0,0,0.000115115,0,0,0,0,0,0,0,0,0,0,0,0,0,0,0,0,0,0,0,0,0,0,0,0,0,0,0,0,0,0,0.001611604,0,0,0.000575573,0,0,0.000230229,0,0.000115115,0.014043974,0.002877863,0,1,0,1,0,0,1,1,0,1,0,1,0,1
0,0,0,0.000298352,0.000223764,0,0.000223764,0.000820467,7.46E-05,0,0,0,0.001118819,0.003356456,0.000671291,7.46E-05,0,0,0.000149176,0,7.46E-05,0,0.000149176,0.000149176,0.000223764,0.000223764,7.46E-05,0,0.000298352,7.46E-05,0,0,0,0,0.00283434,7.46E-05,0,0,0.000298352,0.000223764,0,0,7.46E-05,0.01708063,0,0,0,7.46E-05,0,0,7.46E-05,0.000223764,0.000149176,0,0,0,7.46E-05,0,0,0,0.00179011,0,0,0.000745879,7.46E-05,0,0,0,0,0.000596703,0,0,7.46E-05,0,7.46E-05,0.002535989,0,7.46E-05,0.000149176,0.000149176,0,0.00037294,0,0,0.000895055,0,0,0,0,0.00037294,0,0,0,0.001342582,0.000820467,0.000745879,7.46E-05,0,0.000223764,0.000223764,7.46E-05,0,0,0.000447527,0,7.46E-05,0.009323488,0,0,0,0,0,7.46E-05,0.000298352,7.46E-05,0,0.001640934,0.002610577,0.00037294,0,7.46E-05,0,0.000223764,0.003281868,0.000149176,0,0,0,0,0,0,7.46E-05,0,0.005892444,0,0,0.000895055,0.000223764,0,0,0,0.001118819,7.46E-05,0,0.000223764,0.000522115,0,0,0,0.002013873,0,0.006489147,0.000745879,0,0,7.46E-05,7.46E-05,7.46E-05,0,0.000522115,0.00037294,0,0,0.001267994,0,0,0,0,0,0,0,0.002386813,0,0.000895055,0,0.000522115,0,0,0,0,0.011561125,0,0,0,0,0,0,0,0,0,0,0,0,0,0,0,0,0,0,0,0,0,0,0,0.000223764,7.46E-05,0.001864698,0.000596703,0.000223764,7.46E-05,0.001342582,0,0,0,0.000223764,0.000522115,0,1,0,0,0,0,1,1,0,1,0,1,0,1
0,0,0,0,0,0,0.011251279,0.001278554,0,0.000340948,0,0,0.000170474,0.001875213,0.002301398,0.000170474,0,0.000426185,0.001193317,0.002216161,0,0,0,0.000255711,8.52E-05,0.000340948,8.52E-05,0,0,0.000340948,0,0,0,0,8.52E-05,0,0,0.000426185,0,0.000170474,0.000170474,0,0,0.002045687,0,0,0,0,0,0,8.52E-05,0.000681896,0,8.52E-05,0,0.000170474,0,0,0,0,0.000255711,0,8.52E-05,0.001534265,0.000340948,0,0,0,0,8.52E-05,0,0,0.00196045,0,0,0,0,0,0.005028981,0.008438459,0,0.000596659,0,0,0,0,0.000170474,0,0,0,0,0.00281282,0,0,0,0,0,0.000255711,0.004006137,0.007756563,8.52E-05,0,0,0.011336516,0,0,0.013552676,0.000426185,0,0,0,0,0,0,0.000596659,8.52E-05,0,0.000937607,0.002557109,0,0,0,0,0.000255711,8.52E-05,0,0,0,0,0,0,0,0,0.005028981,0,0,0,0,0,0,0,0,0.000255711,0.006478009,0,0.014319809,0.00085237,0,0,0,0,0.000596659,0,0,0,8.52E-05,0,0.000170474,0.000937607,0.001875213,0,0,0,0,0,0,0,0,0,0,0,0.000937607,0,0.025059666,0,0.000255711,0,8.52E-05,0,0.001534265,0,0,0,0,0,0,0,0,0,0,0,0,0,0,0,0,0,0,0,0,0,0,0,0,0.000340948,0,0,0.000340948,0,0,0,8.52E-05,0,0,0.000170474,0.033157177,1,1,0,0,0,0,1,1,1,1,0,1,1,1
0.009631352,0,0.002324809,0.004096092,0.000332116,0.004538913,0.002103399,0.00022141,0,0,0,0.000774936,0.000332116,0,0,0.000110705,0,0.001660578,0,0,0,0,0.001439167,0.001107052,0.000110705,0.000332116,0,0.000442821,0,0,0.001549873,0,0.00022141,0,0.002546219,0,0.001881988,0.000110705,0.002878335,0.002546219,0.000996347,0,0.003431861,0,0,0,0,0,0,0,0.002435514,0.007085132,0,0,0.00022141,0.003099745,0.004649618,0.002546219,0,0,0.002214104,0,0.000332116,0.001217757,0.003874682,0,0.0170486,0,0.001328462,0.000332116,0,0.006863722,0.000664231,0,0.000774936,0,0,0.001992693,0.002656925,0.000110705,0,0.000332116,0,0,0.002656925,0,0,0,0,0,0.000110705,0.00022141,0,0,0.025572899,0,0.000332116,0.000774936,0.000553526,0,0,0,0,0.001328462,0,0,0,0,0,0,0.000332116,0,0,0,0.000110705,0.00022141,0.000110705,0.002878335,0.003321156,0.00022141,0,0.019484114,0,0,0,0,0,0,0.000110705,0,0,0,0,0.000332116,0,0,0,0,0,0,0,0,0.00022141,0.037418355,0.003874682,0.000664231,0,0.000774936,0,0.014059559,0,0.007417248,0.000885642,0,0.000110705,0.0085243,0,0,0,0.003763977,0,0,0,0,0,0,0,0,0,0,0,0.001881988,0,0.013395328,0.00022141,0,0.004760323,0,0,0.000664231,0.014613085,0,0.000664231,0,0,0,0,0,0.000110705,0,0,0,0,0,0,0,0,0,0,0,0,0,0,0,0,0.000110705,0,0.00022141,0,0.000110705,0.002546219,0.000110705,0,0,0.004428208,0.001660578,1,1,0,1,0,0,1,1,0,1,0,1,0,1
0,0.00017696,0,8.85E-05,8.85E-05,0.011413909,0.001504159,0,8.85E-05,0.00026544,0,0.00017696,8.85E-05,0,0.00026544,8.85E-05,0,0.00017696,0.00035392,0,8.85E-05,8.85E-05,8.85E-05,0.001504159,0.007874712,0,0.00017696,0.00035392,0,0,0.000619359,0,0,8.85E-05,0.003362237,0.00026544,0.000707839,0,8.85E-05,0.000884799,0.00026544,0,0.001327199,0.00035392,8.85E-05,0,0,8.85E-05,0,0,0.000973279,0.001504159,0.000707839,0.003185277,8.85E-05,0.002742877,0,0,0,0,0.008228632,0,8.85E-05,0.003893116,0.001150239,0,0,0.000619359,0.000530879,0.00026544,8.85E-05,0,0.001592638,0,0.00035392,0,0,0,0.002742877,0.000884799,0,0.00035392,0,0.000530879,0.000707839,0,0,0,0,0.000707839,0,8.85E-05,0.00026544,0.001681118,0,0,0,0.00026544,0,0.003185277,0,0,0.00017696,0.00026544,0,0,0,0,0,0,8.85E-05,0,0,0,0.00026544,8.85E-05,0,0.001415679,0.000530879,0.0004424,0,0.002123518,0,0.000530879,8.85E-05,0,0,0,0,0,0,0,0,0.00017696,0,8.85E-05,0,0.000973279,0.00026544,8.85E-05,8.85E-05,0.007874712,0,0.015041586,0.00026544,0.005397275,0.001327199,0,0,0.029994691,0,0.002300478,0.003804636,0,0,0.006635994,0,0.012121748,0.0004424,0.001061759,0.003539197,0,0,0,0,0,0,0,0,0,0.008140152,0.000973279,0.005751194,0.013006548,0,0,0,0.00017696,0,0.0004424,0.011944789,0,0,0,0,0,0,0,0,0,0,0,0,0,0,0,0,0,0,0,0,0,0,0,0.021943019,0,0,0.001238719,0.00035392,0,0.000619359,0,0.016014865,0,0.0004424,0.005220315,1,1,0,1,0,0,1,1,0,1,0,1,0,1
0,0,0.002751572,0,0.003275681,0,0,0,0.000131027,0,0,0.000131027,0,0,0,0.004192872,0,0,0,0,0,0,0,0,0,0,0,0,0,0.000262055,0.000524109,0,0.002358491,0,0,0,0.000524109,0.002096436,0,0,0,0,0,0,0,0,0,0,0,0,0,0,0,0,0.000262055,0,0.00956499,0,0,0,0,0,0.000262055,0,0,0,0,0,0,0,0,0,0,0.004192872,0,0,0,0,0,0,0,0,0,0,0,0,0,0,0,0,0,0,0,0,0.012316562,0,0,0.001703354,0.007861635,0,0,0,0,0,0,0,0,0,0,0,0,0.000262055,0,0,0,0.000262055,0,0,0.007861635,0,0,0,0,0,0,0,0.05201782,0.000131027,0,0,0,0,0.000131027,0.044942348,0,0,0.000786164,0,0,0,0,0,0.000131027,0.009696017,0,0,0,0.005765199,0,0,0,0,0,0,0,0,0,0,0,0.000131027,0,0.000393082,0,0,0,0,0,0,0,0,0,0,0,0,0,0,0,0,0,0.000131027,0,0,0.000262055,0,0,0,0,0.011006289,0,0,0,0,0,0,0,0,0,0,0,0,0,0,0,0,0,0.000262055,0,0,0.000786164,0.000262055,0,0.002489518,0,0,0,0,0,1,0,0,1,0,1,1,0,0,0,1,0,1
0,0,0,0,9.01E-05,0.000720851,0,0.001261489,9.01E-05,0,0,9.01E-05,0.002072445,0,0,9.01E-05,0.006848081,0,0.000270319,0,0,0,0.016939989,0.002883402,0,0.000180213,0.001531808,0,0,0.000180213,0,0.001621914,0.000180213,0,9.01E-05,0,0,0,0,0,0.001621914,0,0.003063615,0.008109569,0,0,0,0,0,0,9.01E-05,0,0,0,0,0,0,0,0,0,0,0,0,0.011083078,0,0,0.002793296,0,0,0.000720851,0,0,0.000540638,0,0,0,0.010812759,0,0.001621914,0.000810957,0.004595423,0,0,0,0.001531808,0,0.000180213,0,0,9.01E-05,0.000180213,0,0,0.005856911,0,0.001081276,0,0.001621914,0.000180213,9.01E-05,9.01E-05,0,0,0.000450532,0,0,0,0,0,0,0.000180213,9.01E-05,0.000450532,0,0,0,0,0,0.001621914,0,0.001261489,0,9.01E-05,0.024508921,0,0,0,0,9.01E-05,0,0,0,0,0.018922328,0,9.01E-05,0,0,0,0,0,0,0,0.006757974,0,0,0.004955848,0,0,0.046945396,0,0,0,0,0,0.00171202,0.000270319,0,0,0.000810957,9.01E-05,0,0,0,0,0,0,0,0,0,0,0.015318075,0.004144891,0,0.000270319,0,0,0.000180213,0.000720851,0,0,0,0,0,0,0,0,0.000270319,0,0,0,0,0,0,0,0,0,0,0,0,0,0,0,0,0,0,0.001802127,0,0.000270319,0,0,0.000180213,0,0.000270319,9.01E-05,0.000720851,0,1,0,0,1,0,1,1,0,0,0,1,0,1
0,0,0,0,0,0,0,0,0.000441306,0,0,0.000441306,0,0,0,0.002758164,0,0,0,0,0,0,0.000110327,0,0.00739188,0.000110327,0,0.015997352,0,0.000441306,0,0,0.00033098,0,0.006619594,0,0,0.000220653,0,0,0.000110327,0,0.006840247,0,0,0,0,0,0,0,0,0.000220653,0,0,0,0.004302736,0,0,0,0.002096205,0.006398941,0,0.000110327,0.000110327,0,0,0.003420124,0,0,0.001434245,0,0,0.004082083,0,0.010370697,0,0,0,0.004964695,0.000220653,0,0,0,0,0.003089144,0,0,0,0.000882613,0,0,0,0,0.002427184,0,0,0,0.000661959,0.000110327,0,0,0,0,0,0,0,0,0,0,0,0.001654898,0,0,0,0,0.000220653,0,0.00033098,0.014232127,0,0,0,0,0.000992939,0.000220653,0,0,0,0,0,0,0,0,0.000110327,0,0,0,0,0,0,0,0,0,0.003971756,0.005847308,0.000220653,0.00739188,0,0,0.005075022,0,0.004413063,0,0,0,0,0,0,0,0.000441306,0,0,0,0,0,0,0,0,0,0,0,0.000110327,0.005957635,0.017541924,0,0,0,0,0,0,0.00033098,0,0,0,0.000110327,0,0,0,0,0,0,0,0,0,0,0,0,0,0,0,0,0,0,0,0,0.003089144,0,0.00033098,0.000110327,0,0,0.000220653,0,0,0.021624007,0,0,1,1,1,1,0,1,0,0,0,0,0,0,1
0,0,0.002099738,0,8.75E-05,0.00183727,0,0,0.000174978,8.75E-05,0,0.000349956,0.000262467,0,0,0.001574803,0,0,0.000874891,0,0,8.75E-05,0,0.000262467,8.75E-05,8.75E-05,0,0,0,0.000349956,0.002624672,0.003849519,8.75E-05,0.000174978,0.019860017,0,0.002624672,8.75E-05,0,0,0.000612423,0,0,0,8.75E-05,0,0,0,0,0,0.001049869,0.001399825,0.000174978,0,8.75E-05,0,0,8.75E-05,0.000262467,0,0.01872266,0,8.75E-05,0.000349956,0,0,0.001312336,0,0,0.004024497,0.000349956,0,0.004461942,0.000349956,0,0,0,0,0.000699913,8.75E-05,0,0,8.75E-05,8.75E-05,0,0,0,0,0,8.75E-05,0.001749781,0.000174978,0,0,8.75E-05,0,0,0.001399825,0.000612423,0,0.000262467,0,0,0.000437445,0.002012248,0,0.000174978,8.75E-05,0.000262467,0.000612423,0.000349956,0,0,0,0,0.000174978,0,0,0.007786527,0,0,0,0,0.000174978,0,0,0,0,0,0,0,0,8.75E-05,0.002012248,0,0.000349956,0,0.001312336,0,0,0,0,0.000349956,0.015048119,0,0.006736658,0,0.000874891,0,0.091688539,0,0,0.000174978,0,0,0,0,0,0.000174978,0.00096238,0,0,0,0,0.000262467,0,0,8.75E-05,0.000174978,0,0,0,0,0.002712161,0,0,0,0,0,8.75E-05,0.000262467,0,0.000787402,0,0,0,0,0,0,0,0,0,0,0,0,0,0,0,0,0,0,0,0,0,0,0.000174978,0,0,0,0.000174978,0.000699913,0.000262467,0,0,0.013385827,0.000349956,0,1,0,1,1,0,1,1,0,0,0,1,0,1
0,0,0,0,0.012005541,0,0.001539172,0,0.000153917,0,0,0.000461752,0,0,0,0.000461752,0,0.000153917,0,0,0,0,0,0.000153917,0,0,0.000153917,0,0,0.000307834,0,0,0,0.000153917,0.014468216,0,0,0,0,0,0.000461752,0,0,0,0.000769586,0,0,0,0,0,0.000153917,0.001693089,0,0,0,0,0,0,0,0,0.013852547,0,0,0,0,0,0,0,0,0.000153917,0,0,0,0,0,0,0,0,0.001539172,0,0,0,0,0,0,0,0,0,0,0,0,0,0,0.000153917,0,0,0,0.000307834,0.008311528,0,0,0.0098507,0,0,0,0,0,0,0,0,0,0,0,0,0,0,0,0,0.000307834,0,0,0,0,0.238109897,0,0,0,0,0,0,0,0,0.000153917,0.000153917,0,0.000307834,0.002616592,0,0,0,0,0,0,0.01646914,0,0.042327228,0,0,0,0,0.000153917,0.000615669,0,0,0,0.001693089,0,0,0,0.000153917,0,0,0,0,0.000153917,0,0,0,0,0,0,0.028166846,0,0,0,0,0,0,0,0,0.019547483,0,0,0,0,0,0,0,0,0,0,0,0,0,0,0,0,0,0,0,0,0,0,0,0,0.000615669,0,0,0,0,0,0,0,0,0,0.036632292,0,1,0,0,1,0,1,1,1,1,0,1,0,1
0,0,0.006258768,0.00010791,0.00010791,0.00021582,0.003776843,0,0.00010791,0,0,0.00010791,0.001618647,0,0,0.00010791,0,0,0,0,0,0,0,0.000431639,0,0,0.000539549,0,0,0,0,0,0.000323729,0,0.003776843,0,0,0.00010791,0,0,0.00010791,0,0,0,0,0,0,0,0,0,0.00528758,0.003237294,0,0,0,0,0,0,0,0,0.003884752,0,0,0.000431639,0,0,0,0.03539441,0,0.000755369,0,0,0.000647459,0,0.000431639,0,0,0,0.000647459,0.00010791,0,0.00010791,0.00010791,0,0.001834466,0,0,0,0,0,0.001834466,0,0,0,0,0,0,0.00021582,0,0.001187008,0,0,0,0.001079098,0,0.046509118,0,0,0,0,0,0.00021582,0,0.00010791,0,0,0.00021582,0,0.00010791,0,0,0,0,0.00021582,0.00010791,0,0,0,0,0,0,0,0.00010791,0.002913564,0.00010791,0,0,0.001079098,0,0,0,0,0.00021582,0.002589835,0,0.003237294,0,0.000755369,0,0.020718679,0,0.021905687,0,0,0.00528758,0.001079098,0,0.001834466,0,0.00021582,0,0,0,0,0,0,0,0,0,0,0,0.019639581,0,0.024927161,0,0.00021582,0,0,0,0,0,0,0,0,0,0,0,0,0,0,0,0,0,0,0,0,0,0,0,0,0,0,0,0,0,0.000323729,0,0.001726557,0.001294917,0,0.011006798,0.00021582,0,0,0.00010791,0.00010791,1,0,0,0,1,0,1,1,1,0,0,1,0,1
0,0,0,0.000441745,0.000331309,0,0,0,0.000110436,0.000110436,0.000110436,0.000331309,0.000110436,0,0,0.000552181,0,0,0,0,0,0.000110436,0,0.002540033,0,0,0.000220872,0,0,0.000331309,0.001877416,0,0,0,0.002098288,0,0.003865268,0.000110436,0,0,0.000110436,0,0.002098288,0,0,0,0,0,0,0,0.000441745,0.000993926,0,0,0,0.001656543,0,0,0,0,0.001435671,0,0,0,0,0,0,0,0,0,0,0,0.001435671,0.000110436,0,0,0,0,0.001435671,0,0,0,0,0,0.007509663,0,0,0,0,0,0,0.000110436,0,0,0,0,0,0,0.000331309,0,0,0.000110436,0,0,0.000110436,0,0,0,0,0,0,0,0,0,0.000773054,0.000220872,0,0,0.007288791,0,0,0,0,0.000331309,0.000220872,0,0,0,0,0,0,0.000110436,0,0,0,0,0,0,0,0,0.000110436,0,0.000220872,0.006515737,0,0.000662617,0,0,0,0.006073992,0,0.011043622,0.001435671,0,0,0.006626173,0,0,0,0.000220872,0,0,0,0,0,0,0,0.000110436,0,0,0,0,0.004417449,0,0,0,0,0,0,0,0.006957482,0,0,0,0,0,0,0,0,0,0,0,0,0,0,0,0,0,0,0,0,0,0,0,0,0.000220872,0,0.005080066,0.000220872,0.000110436,0,0,0,0,0.011927112,0.000662617,1,1,0,0,1,0,1,1,1,1,0,1,0,1
0,0,0,0,0,0,0,8.35E-05,0.000167098,8.35E-05,0,0.00601554,8.35E-05,0,0,0.022307628,0,0,8.35E-05,0,0,0,0.00100259,8.35E-05,0,0,8.35E-05,0,0,0.004177458,0,0,0,0,8.35E-05,0,0,0.000167098,0,0,0,0,0,0,0,8.35E-05,8.35E-05,0.000167098,0,0,0.001336787,0.000417746,8.35E-05,0,0,0.000167098,0,0,0,0,0,0,0,0,8.35E-05,0.000167098,0,0,0,0,0,0,0,8.35E-05,0,0,0,0,0.000250648,8.35E-05,0,0,0,0,8.35E-05,0,0,0,0,0,0,0,0,0.001420336,0,8.35E-05,0,0.000167098,0,0.000334197,0,0.000668393,0,8.35E-05,0,0.003174868,0,8.35E-05,0,0,0,0,0,0,0.000167098,0,0,0.000167098,8.35E-05,0,0,0,0,0.021221489,0.000167098,0,0,0,0,0,0,0,0.000835492,0,0,0,0.001169688,0,0,0,0,0.002590024,0,0.000835492,0,0.000167098,0,0,0,0,0.000167098,0.000668393,0,0,0,0,0,0,0.001253238,8.35E-05,0,0,8.35E-05,0,0,8.35E-05,0,0,0,0,0.002088729,8.35E-05,0,0,0.001921631,0,0,0,0,0,8.35E-05,0,0,0,0,0,0,0,0,0,0,0,0,0,0,0,0,0,0,0,0,0,0,0,0,0,0.000167098,0,0,0,0,0,0,0,0.000167098,0.000501295,1,1,0,0,1,0,1,1,0,0,0,1,0,1
0,0.000150512,0,0,0.000150512,0,0,0,0.000150512,0.000150512,0.000150512,0.000150512,0,0,0,0.008127634,0,0,0,0,0,0,0,0,0,0,0,0,0,0.000301023,0,0,0,0.000150512,0,0,0,0,0,0,0,0,0,0,0,0,0,0,0,0,0.000752559,0.000301023,0,0,0,0,0,0,0,0,0,0,0,0,0,0,0,0,0,0,0,0,0,0.006773028,0,0,0,0,0,0.000451535,0,0,0,0.000301023,0,0,0,0,0,0,0,0,0,0,0,0,0,0,0.000451535,0,0,0.107766406,0,0,0,0,0,0,0,0,0.000150512,0,0,0,0,0,0,0,0,0,0,0.004515352,0,0.001354606,0,0,0,0,0,0,0,0,0,0,0,0.000301023,0,0,0,0.000150512,0,0,0,0.000301023,0,0,0,0,0,0,0,0,0,0,0,0.000150512,0,0,0,0.000150512,0,0,0.017007827,0,0,0,0,0,0,0,0,0,0,0,0,0,0,0,0,0,0,0,0,0,0,0,0,0,0,0,0,0,0,0,0,0,0,0,0,0,0,0,0,0,0,0.000150512,0,0.000301023,0,0,0,0,0,0,0,0,0,0,0,0,1,0,1,1,0,1,1,1,1,1
0,0,0,0.000171174,8.56E-05,0,0.002824375,0.000171174,0.000171174,8.56E-05,0,0.000342349,0.003337898,0,0.000513523,8.56E-05,0,0.001711743,0.000427936,0,0,8.56E-05,0.006076686,0.001711743,0,0.000684697,0.000171174,0.001454981,8.56E-05,8.56E-05,0.001711743,0.000684697,0,0,0.002139678,0,0.004022595,0,0,0.002054091,0.000171174,0,0.005734338,0,0,8.56E-05,0,0,0,0,0.002995549,0.00239644,0,0,8.56E-05,0,0,0,0,0,8.56E-05,0,0,0.006675796,0,0,0.000171174,0,0,0.000855871,0,0,0.00059911,0,0.00119822,0,0,0.000770284,0.000256761,0.000171174,0,8.56E-05,0,0,0,0,0,0,0,0,0,0,0,0.00239644,0.003765834,0,0.000171174,0.000256761,8.56E-05,0,0,0,0,0.004792879,0,0,0,0,0,0,0,0,0,0,0,0,0,0.006675796,0.000171174,0,0.001369394,0.00059911,0,0,8.56E-05,0,0,0,0,0,0,0,0,8.56E-05,0.00059911,0,0,0,0,8.56E-05,0,0,0,0.016603903,0,0.003851421,0.00119822,0.000342349,0,0.019257104,0,0.013865115,0.002054091,0,0,0,0,0,0,0.000342349,0.004364944,0,0,0,0,0,0,0,0,0,0,0,0.002225265,0.002824375,8.56E-05,0,0,0,0,0.000513523,0.000513523,0,0,0,0,0,0,0,0,0,0,0,0,0,0,0,0,0,0,0,0,0,0,0,8.56E-05,8.56E-05,0,0.001283807,0.000171174,0,0.003337898,0,0,0,0.000941458,8.56E-05,1,1,1,1,1,0,1,1,0,0,0,0,1,1
0,9.15E-05,0.000274499,9.15E-05,0.005306981,0.01152896,0.002287492,0,0,9.15E-05,0.000548998,0.010613963,0.032299387,0.000365999,0.000365999,9.15E-05,0,0.003476988,0.000274499,0,0,0.000274499,0.010796962,0.003751487,0,0.000548998,0.000914997,0,0,9.15E-05,0.001463995,9.15E-05,0,0,0.011711959,9.15E-05,0.001555495,0,0,0.003659987,0.000548998,0,0.006587977,0,0.000182999,0,9.15E-05,0,0,0,0.020404429,0.005306981,0,0,0.000182999,0.000274499,0,0,0,0,0.016286943,0,9.15E-05,0.007685973,0.000823497,0.000457498,0,0,0,0.00274499,0,0.006313478,0.004574984,0,0,0,0,0,0.002012993,0.004391985,0,0,0,0.000548998,0.000914997,0,0,0,0,0,0,0.008966969,0,9.15E-05,0.026443407,0,0,0.000182999,0,0,9.15E-05,0,0,0.001463995,0.002104493,0,0,0.007411474,0.016103944,9.15E-05,9.15E-05,0,0,0.000274499,0.003568488,0,0,0.046481837,0.001280996,0.005306981,0.002195992,0.000274499,0,0,0,0,0,0,0,0,0,9.15E-05,9.15E-05,0,0,0,0,0.000182999,0,0.000182999,0.000548998,0,9.15E-05,0.010979962,0.001738494,0.032756885,0.001463995,9.15E-05,0,0.004025986,9.15E-05,0.001921493,9.15E-05,0,0,0.004574984,0,9.15E-05,0.000548998,0.001738494,0.009332967,0,0,0,9.15E-05,0,0,9.15E-05,0.000365999,0.000182999,0,0.003385488,0.027998902,0.002012993,0.002195992,0,0,0.000548998,0.000457498,0.000182999,0.006038979,0,0,0,0,0,0,0,0,0,0,0,0,0,0,0,0,0,0,0,0,0,0,0,0,9.15E-05,0,0.000182999,0.000731997,9.15E-05,0.007594473,0,0,0,0.009607466,0.000914997,1,1,0,0,0,0,1,1,0,1,1,1,1,1
0,0.000169823,0,0.004330475,0.000169823,0,0.012906513,8.49E-05,8.49E-05,0.00806657,0.000339645,0.001783137,0.000339645,0,0.000169823,0.000339645,0,0,0,0,0,8.49E-05,0.000254734,0.000169823,8.49E-05,0.00067929,0.000849113,0.000169823,8.49E-05,0,0,0,0.000169823,0,0.001443492,0.000254734,0,0.000169823,0,0.003226628,0,0,0.003905918,0.00135858,0.000594379,0.001103846,8.49E-05,8.49E-05,0,0,0.012566868,0.001103846,0.004415386,0,0.000339645,0,0,0,0,0,0.001443492,0,8.49E-05,0.005179587,0,0,0.014350004,0.005179587,0,0,0,0,0.001273669,0,8.49E-05,0,0,0,0.001103846,0.000509468,0,0,0,0,0.00467012,0,0,0,0,0.004585208,0.000339645,8.49E-05,0,0.002122782,0,0,0.001783137,0.000169823,8.49E-05,0.002971894,0,0,0,0.000934024,0,0,0.091449435,0,0.001188758,0,0,0.000509468,0.007472192,0.000849113,0.003311539,8.49E-05,0,0,0.000594379,0.000849113,0.001613314,0.006368345,0,0.030992613,0,0,0,0,0,0,0,0,8.49E-05,0.007217458,0,0,0,0,0,0.000424556,0,0,0.000339645,0.013585803,0,0.001018935,0,0.000254734,0,0.002632249,0,8.49E-05,0.004075741,8.49E-05,0,0.001018935,0.003141717,0.000169823,0.000169823,0.001698225,0.000594379,0,0,0,0,0,0,0.000169823,0,0.000509468,0.010189352,0.003056806,0.003905918,0.001613314,8.49E-05,0.001103846,0,0,0.000169823,0.000169823,0.00738728,0,8.49E-05,0,0,0,0,0,0,0,0,0,0,0,0,0,0,0,0,0,0,0,0,0,0.001613314,8.49E-05,8.49E-05,8.49E-05,0.000339645,8.49E-05,0.001273669,0.000339645,0,0,0.001698225,0.003736096,1,1,0,0,0,1,1,1,0,1,1,1,0,1
0,0.000248942,0.005144801,0,0.000248942,8.30E-05,0.000995768,8.30E-05,0,0,0.000165961,0.002904323,0.008132105,0.003402207,0.000746826,8.30E-05,0.001742594,0.000995768,0.000165961,8.30E-05,0.003402207,0.000497884,0.006472492,8.30E-05,0.00248942,0.000497884,8.30E-05,0,0.006721434,0,0,0.000995768,0,0,0.000746826,0.000248942,0,8.30E-05,0.000331923,0.000414903,0.000248942,0,0.000497884,0.002904323,0.000331923,0.000331923,8.30E-05,0.000165961,0,0,0.002406439,0.003319227,8.30E-05,0.000248942,0,0.001327691,0,0,0,0,0.000746826,8.30E-05,0,0.003568169,0,0,0,0.002655381,0,0.000248942,0,0.002738362,0.000912787,0,0,0.000829807,0,0,0.000248942,0.002655381,0.001493652,0,0,0,0.003485188,0,0,0,0,8.30E-05,0.000497884,0.002157497,0,0.000580865,0.008049125,0.000580865,0,8.30E-05,0.000331923,0.003900091,0,8.30E-05,0.000663845,0.000331923,0.000248942,8.30E-05,0.000663845,8.30E-05,0,0,0,0,0,0.000331923,0.000580865,0,8.30E-05,0.002074517,0.000414903,0.000580865,0.000746826,0,8.30E-05,8.30E-05,0,0,0,0,0,0,0,0.000663845,0,0.002406439,0.009210854,0,0.000414903,8.30E-05,0,0,0.000663845,0,0.000165961,0.002904323,0,0.005974608,0.003568169,0,8.30E-05,0.0124471,8.30E-05,0.003070285,0.002240478,8.30E-05,0,0.002323459,0,0.035432744,0.000912787,0.000829807,0.000165961,0,0,0,0,0,0,8.30E-05,0,8.30E-05,0.004480956,0.00248942,0.003319227,0.000829807,8.30E-05,0.010123641,0.002323459,0,0,0,0.003983072,0,0,0,0,0,0,0,0,0,0,0,0,0,0,0,0,0,0,0,0,0,0,0,0,8.30E-05,0,0.000248942,0,0,8.30E-05,8.30E-05,0.002240478,0,0.002987304,0.000497884,0,1,0,0,1,1,1,1,0,0,0,1,0,1
0,0.001245718,0,0,0.021488633,0,0,0,0,0.008720025,0,0,0,0,0,0,0,0,0,0,0,0,0,0,0,0,0,0,0,0.000467144,0,0,0,0.003270009,0,0,0,0.040797259,0,0,0,0,0,0,0,0,0,0,0,0,0.000155715,0,0,0,0,0,0,0,0,0,0,0,0,0,0,0.010588602,0,0,0,0,0,0,0,0,0,0,0,0,0,0,0,0,0.047181563,0,0,0,0,0,0,0,0,0.007941451,0,0,0,0,0,0,0.000155715,0,0,0.000934288,0,0.00295858,0.003737154,0.18203052,0,0.002024291,0,0,0,0,0,0,0,0,0,0,0,0,0,0,0,0,0,0,0,0,0,0,0,0,0,0,0,0.059638742,0,0,0,0,0,0,0,0.000934288,0,0,0,0,0,0,0,0,0,0,0,0,0,0,0,0,0,0,0.020710059,0,0,0,0.000155715,0,0,0,0,0,0,0,0.000155715,0,0,0,0,0,0,0,0,0,0,0,0,0,0,0,0,0,0,0,0,0,0,0,0,0,0,0,0,0,0,0,0.001868577,0,0,0,0,0,0,0.000311429,0,0,0,0,0,0,1,1,1,0,1,0,0,0,0,1
0,0,0,0,0.038202522,0.000734664,0,0,0,0.000244888,0,0.015305498,0,0,0,0.050691808,0,0,0,0,0,0,0,0,0,0,0,0,0,0.003428431,0,0,0,0.005265091,0,0,0,0,0,0,0,0,0,0,0,0,0.000122444,0,0,0,0.000122444,0.000122444,0,0,0,0,0,0,0,0,0,0,0,0,0,0.004285539,0,0,0,0,0,0,0,0.002081548,0,0,0,0,0,0,0,0,0.001959104,0,0,0,0,0,0,0,0,0.012121954,0,0,0,0,0,0,0,0,0,0.007958859,0,0,0,0.047998041,0,0,0,0,0,0,0,0,0,0,0,0,0,0,0,0,0,0.000979552,0,0,0,0,0,0,0,0,0,0,0,0,0,0,0,0,0.000244888,0,0,0.000367332,0,0,0,0,0,0,0.000244888,0,0,0,0,0,0,0,0,0,0,0,0.000122444,0,0.001591772,0,0.002326436,0,0,0,0,0.039304518,0,0,0,0,0,0,0,0,0.000122444,0,0,0,0,0,0,0,0,0,0,0,0,0,0,0,0,0,0,0,0,0,0,0,0,0,0.000122444,0,0,0,0,0,0,0,0,0,1,1,0,0,1,1,1,1,0,1,1,0,1,1
