0,0.000159591,0.004787743,0,0.032556655,0,0,0,0.040695819,0,0,0,0,0.000638366,0.000319183,0,0.000478774,0.002074689,0.000478774,0,0,0,0,0.00446856,0,0,0,0.002393872,0,0,0.000159591,0,0,0,0,0,0,0,0,0,0,0,0.001436323,0.000797957,0,0,0,0,0,0,0,0,0.008139164,0,0,0,0.002074689,0.000159591,0,0,0,0,0,0,0,0,0.01771465,0,0.00111714,0.209224386,0,0,0.000319183,0,0,0,0.000319183,0,0.000478774,0,0.000159591,0,0,0,0,0,0,0,0,0.000159591,0,0,0,0,0,0,0,0,0,0,0,0.000159591,0.004628152,0,0.000159591,0,0.091765081,0,0,0,0,0,0.000159591,0,0,0,0,0,0,0,0.000159591,0,0,0.000159591,0,0,1,1,0,0,0,0,0,0,0,1,0,1,0,0,1,0,1,1,1,0,0,1
0.000211707,0.001164391,0.013020006,0,0.011326347,0.000105854,0,0,0.000105854,0.000211707,0.001587806,0,0.000105854,0.002752196,0.000105854,0.000740976,0.028157087,0.000105854,0.021064888,0.000105854,0,0,0.000105854,0.003493172,0,0.000105854,0,0.00285805,0,0.000105854,0,0,0,0,0,0,0.007303906,0.018630253,0,0,0.0057161,0,0.010479517,0.005504393,0,0,0,0,0,0,0,0,0.004445856,0.000105854,0.000740976,0,0,0,0,0,0,0,0,0,0,0,0,0,0.001905367,0.079390283,0.011643908,0.003916587,0.011643908,0.004657563,0,0,0.000529269,0,0,0,0.000105854,0,0,0,0,0,0,0,0,0,0.000105854,0,0,0,0,0,0,0,0,0,0,0,0.010056102,0,0.00084683,0.001164391,0.037789775,0.00201122,0,0,0,0.000105854,0.001799513,0,0,0,0.000105854,0.000105854,0.000105854,0,0,0,0,0.011961469,0,0,0,1,0,0,0,1,0,0,0,0,0,0,0,0,0,0,0,0,0,0,0,1
9.94E-05,0,0,0,0,0,0,0,0,0,0,0,0,0.011237072,0,0.000497216,0,0,0.002684964,0,0,0,0,0,0,0,0,0,0,0,0,0,0,0,0,0,0.002486078,0,0,0,0,0,0,0,0,0,0,0,0,0,0,0,0.002784407,0,0,0,0,0,0,0,0,0,0,0,0,0,0,9.94E-05,0,0,9.94E-05,9.94E-05,0.000795545,9.94E-05,0,0,0,0,0,0,0,0,0,0,0,0,0,0,0,0,0,0,0,0,0,0,0,0,0,0,0,0.000397772,0,0,0,0,0.005469372,0,0,0,0,0,0,0,0,0,0,0,0,0,0,0,0,9.94E-05,0,1,1,0,0,1,0,0,0,0,0,0,1,0,0,0,1,0,0,0,0,1,1,0
0.0016,0.0088,0.0016,0,0.0016,0,0,0,0.028,0.0032,0,0,0,0.0008,0,0,0.024,0,0.012,0,0,0,0,0.0008,0,0.0032,0,0,0,0.0008,0,0,0,0,0,0,0.0032,0.0016,0,0,0,0,0.0048,0.0016,0,0,0,0,0,0,0,0.004,0.0064,0,0,0,0,0,0,0,0,0,0,0,0,0,0,0,0.0056,0,0.0016,0.0008,0.0152,0.0008,0,0,0.0088,0,0,0,0,0,0,0,0,0,0,0,0,0,0,0.0008,0,0,0,0,0,0,0,0,0,0,0.0024,0,0.0008,0,0.0112,0,0,0,0,0.0008,0.0024,0,0,0,0,0,0,0,0,0,0,0.0016,0,0,1,0,0,1,0,0,0,0,1,1,0,1,1,1,0,1,0,0,0,0,0,0
0,0.000662252,0.003311258,0,0,0,0,0,0,0,0.004635762,0,0,0.001324503,0,0.000662252,0.000662252,0,0.070198675,0,0,0,0,0.001986755,0,0,0,0.002649007,0,0,0,0,0,0,0,0,0.000662252,0,0,0,0.000662252,0,0,0.001324503,0,0,0,0,0,0,0,0,0.000662252,0,0,0,0.000662252,0,0,0,0,0,0,0,0,0,0,0,0.000662252,0.001324503,0.001324503,0,0.00397351,0,0,0,0,0,0,0,0,0.017880795,0,0,0,0,0,0,0,0,0,0,0,0,0,0,0,0,0,0,0,0.000662252,0.004635762,0,0,0,0.001324503,0.000662252,0,0,0,0,0.000662252,0,0.00397351,0,0,0,0,0,0,0,0,0.005960265,0,1,0,1,0,0,0,0,0,0,0,0,1,1,1,0,0,0,0,0,0,0,0,1
0,0.000303398,0,0.000606796,0.000303398,0.000910194,0.008191748,0,0.016686893,0,0,0.000303398,0,0.003033981,0,0,0.004854369,0.000303398,0.004247573,0,0,0,0,0,0.000606796,0,0,0.000303398,0,0,0,0,0,0,0,0,0,0.000303398,0.001820388,0,0,0,0.000606796,0.000910194,0,0,0,0,0,0,0,0.000606796,0.008191748,0,0,0,0.000303398,0,0,0,0,0,0,0,0,0,0.000606796,0,0,0,0.000910194,0.00151699,0.000606796,0.000303398,0.000303398,0,0.000606796,0,0,0,0,0.008191748,0,0,0,0,0,0,0,0,0,0.022754854,0,0,0,0,0,0,0,0,0,0,0.000303398,0,0,0,0.01243932,0,0,0,0,0,0.000303398,0,0.000910194,0,0,0,0,0.000606796,0,0,0,0.000606796,0,1,1,0,1,1,1,0,1,1,0,1,0,1,1,1,1,1,0,0,1,0,0,0
0,0.001964286,0.004464286,0.000178571,0.021607143,0,0,0,0.015178571,0,0,0,0,0.000357143,0,0.001785714,0.017857143,0.000178571,0.014821429,0,0,0,0,0.00125,0,0.000178571,0,0,0,0,0.002142857,0,0,0,0,0,0.001785714,0.000178571,0,0,0.0025,0,0.004285714,0.004285714,0,0,0,0,0,0,0,0,0.02375,0,0,0,0.000178571,0,0,0,0,0,0,0,0,0,0,0,0.004821429,0.0075,0.000535714,0,0.007321429,0.000357143,0,0,0.000178571,0,0,0,0,0,0,0,0,0,0,0,0,0.000178571,0,0,0,0,0,0,0,0,0,0,0,0.000357143,0.001785714,0,0.001428571,0,0.037678571,0,0,0,0,0.000178571,0.002321429,0,0.001428571,0,0,0,0,0,0,0,0,0.000357143,0,1,1,0,0,0,0,0,1,1,0,0,0,1,0,0,0,0,0,0,0,0,0,0
4.00E-05,0.003680589,0.059289486,0,4.00E-05,0,0.009921587,0,4.00E-05,8.00E-05,0,0,0,0.007601216,4.00E-05,0.000840134,0.031325012,0.005120819,0.029844775,0,0,0,0,4.00E-05,0,8.00E-05,0,0.002320371,0,0,0,0,0,0,0.000240038,0,4.00E-05,4.00E-05,0.000280045,0,0,0,0.002680429,0.000720115,0,0,0,0,0,0,0.001360218,4.00E-05,0.01256201,0,0,0,0.002120339,0,0,0,0,0,0,0,0,0,0,0.00044007,4.00E-05,0.000120019,0.025004001,0.005760922,0.011881901,0,0.003480557,0,0.001120179,0,0.000160026,0,0,0.006321011,0,4.00E-05,0,0,0,0.020043207,0,4.00E-05,0,4.00E-05,0,0,0,0,0,0,0,0,0,0,0.018162906,0,4.00E-05,0,0.000160026,0,0,0.000160026,0,0.000160026,0,0,0,0,0,0,0,4.00E-05,0,0,0,0.026924308,0,1,1,1,0,0,1,0,0,0,0,0,1,1,1,0,0,0,0,1,0,0,0,0
0.000303168,0.000303168,0.006821282,0,0.004699106,0,0,0,0.079126876,0,0,0,0,0.000606336,0,0.000151584,0.034561164,0.000151584,0.005153858,0,0,0,0,0.004699106,0.000909504,0,0,0.002880097,0,0.000151584,0.000909504,0.000151584,0,0,0,0,0.001819009,0.00075792,0,0,0.002273761,0.015158405,0.001819009,0.001970593,0,0,0,0,0,0,0.000151584,0.003031681,0.002273761,0,0,0,0,0,0,0,0,0,0,0,0,0,0,0,0.001667425,0.055328179,0.004244353,0.001667425,0.001061088,0,0.000454752,0,0.000303168,0,0,0,0,0.000909504,0,0,0,0,0,0,0,0,0,0,0,0,0,0,0,0,0,0,0,0,0.008033955,0,0,0,0.09534637,0,0,0.000151584,0,0,0.000303168,0,0.007276035,0,0,0,0,0,0.000454752,0,0,0.00485069,0,1,1,0,0,0,0,0,0,0,1,0,0,0,0,0,0,0,0,0,0,0,0,0
0.00123533,0.000308833,0,0,0,0.000926498,0.00123533,0,0,0,0,0,0,0.000154416,0,0,0,0,0.000926498,0,0,0,0,0,0,0.000154416,0,0,0,0,0,0,0,0,0,0,0.000154416,0.01003706,0,0,0,0,0.000463249,0,0,0,0,0,0,0,0,0,0.015596047,0,0.000154416,0,0,0,0,0,0,0,0,0,0,0,0,0.000463249,0,0.000926498,0,0.002470661,0.070105003,0,0,0,0.000617665,0,0.000154416,0,0,0,0,0,0,0,0,0,0,0,0,0,0,0,0,0,0,0,0,0.000926498,0,0,0,0,0,0,0.010809141,0,0,0,0,0.000154416,0,0,0,0,0,0,0,0,0,0,0,0.000617665,0,1,1,1,1,1,0,0,1,1,0,1,1,1,1,1,0,1,0,0,0,0,1,0
0,0,0,0,0.004874086,0,0,0.000812348,0,0,0,0.000812348,0,0.000812348,0,0.008123477,0,0,0.015434606,0,0,0.000812348,0,0,0,0,0,0,0,0,0,0,0,0,0,0,0.000812348,0,0,0,0.000812348,0.000812348,0.003249391,0.000812348,0,0,0,0,0,0.001624695,0,0,0,0.004061738,0,0,0,0,0.000812348,0,0,0,0,0,0.000812348,0,0,0,0,0,0.004061738,0.000812348,0.000812348,0,0,0.003249391,0,0,0,0.004061738,0,0,0,0,0,0,0,0,0,0,0,0,0,0,0,0,0,0,0,0,0,0.05605199,0,0,0,0,0.002437043,0,0,0,0,0,0,0,0,0,0.001624695,0,0,0,0,0,0,0.002437043,0.007311129,1,1,1,1,0,0,0,0,0,0,0,0,1,0,0,1,0,0,0,1,0,0,0
0,0.003903201,0.012490242,0,0.00156128,0,0.00078064,0,0,0,0,0.00078064,0,0.00078064,0,0,0.039032006,0,0.00234192,0,0,0,0,0.00312256,0,0,0,0,0.00312256,0.00078064,0.00156128,0,0,0,0,0,0.00312256,0.00312256,0,0,0,0,0.007806401,0.00078064,0,0,0,0,0,0,0,0.009367681,0.00078064,0,0,0,0,0,0,0,0,0,0,0,0,0,0,0,0.00156128,0.012490242,0.00078064,0.00078064,0.00078064,0.00078064,0,0,0.00156128,0,0,0,0,0.00078064,0,0.00234192,0,0,0.00078064,0,0,0,0,0,0,0,0,0,0,0,0,0,0,0,0.00234192,0,0.00078064,0.003903201,0.005464481,0,0,0,0,0,0.003903201,0,0.004683841,0,0,0,0,0,0.00078064,0,0,0.021857923,0,1,1,1,0,0,0,0,0,0,0,1,0,0,0,0,0,0,0,0,0,0,0,1
0,0.004249292,0,0,0,0,0,0,0,0,0,0.009915014,0,0.004249292,0,0,0,0,0,0,0,0,0,0,0,0,0,0,0,0,0,0,0,0,0,0,0,0,0,0,0,0,0,0,0,0,0,0,0,0,0.002832861,0,0,0,0,0,0.001416431,0,0,0,0,0,0.002832861,0,0,0,0,0,0,0,0,0,0,0,0.002832861,0,0.001416431,0,0,0,0,0,0,0,0,0,0,0,0,0,0,0,0,0,0,0.001416431,0,0,0,0,0,0,0,0,0,0,0,0,0,0,0,0,0,0,0,0,0,0,0,0,0,0,0,0,0,1,0,0,0,0,0,0,0,0,0,1,0,1,1,0,0,0,0,1,1,0,0,1
0,0.000794822,0,0.000113546,0.029181333,0,0.014306801,0,0,0.000113546,0.022709209,0.021914386,0.000113546,0.00545021,0.000113546,0.000113546,0.011922335,0.003065743,0.056886568,0.000113546,0,0,0,0,0.000908368,0,0,0,0,0,0,0,0,0,0.001021914,0.000113546,0.010673328,0.031452254,0.001249006,0.000113546,0.010446236,0,0.007153401,0.009424322,0,0,0,0,0,0,0,0.005677302,0.007039855,0,0.00056773,0,0.000794822,0,0,0,0,0,0,0,0,0,0,0.001021914,0,0,0.012376519,0.006472124,0.01691836,0.000113546,0,0,0.000227092,0,0.000113546,0,0.000113546,0,0.000113546,0,0,0,0,0,0,0.000113546,0,0,0,0,0,0,0,0,0,0,0,0.000227092,0.000908368,0,0,0,0.000113546,0.00056773,0,0.002157375,0,0.000113546,0.006245032,0,0,0,0,0.000454184,0,0.000113546,0,0,0,0.011354604,0,0,0,1,0,0,0,1,1,1,0,0,1,0,1,0,0,0,0,0,0,0,0,1
0.001227747,0,0.00859423,0,0.006138735,0.000306937,0,0,0.00092081,0.006445672,0,0,0.000306937,0.000613874,0,0.003069368,0,0,0.011356661,0.000306937,0,0,0,0.000613874,0,0.002148557,0,0,0,0.00092081,0.000613874,0,0,0,0,0.001227747,0.002762431,0.004604052,0,0,0.005524862,0.006445672,0.000306937,0.003069368,0,0,0,0,0,0,0,0,0.000613874,0,0,0,0.000306937,0,0,0,0,0,0,0,0,0,0,0.000306937,0.006752609,0,0.000306937,0,0.008287293,0.000306937,0,0,0.000613874,0,0,0,0,0,0,0,0,0,0,0,0,0,0.001227747,0,0,0,0,0,0,0,0,0,0,0,0.007980356,0,0.000306937,0,0.007980356,0,0,0,0,0,0.000613874,0.000613874,0,0,0,0,0,0,0,0,0,0.003069368,0,1,0,1,0,1,0,0,1,1,0,1,1,1,0,0,1,0,0,0,0,0,1,0
0.001137656,0,0.008390216,0,0.009243458,0,0,0.000142207,0,0.002986348,0,0,0.000142207,0.002986348,0.000142207,0.00483504,0.012229807,0,0.010807736,0,0,0,0,0,0,0.000568828,0,0,0,0.000142207,0,0,0,0,0,0,0,0,0.000426621,0,0,0.00383959,0.000995449,0,0,0,0,0,0,0,0,0,0.000995449,0,0,0,0.000142207,0,0,0,0,0,0,0,0,0,0,0,0.007536974,0,0,0.000568828,0.006399317,0.000142207,0,0,0.000142207,0,0.000142207,0,0,0,0,0,0,0,0,0,0,0,0,0.000426621,0,0,0,0,0,0,0,0,0,0.000284414,0.000142207,0,0,0,0.012940842,0,0,0.000284414,0,0.000142207,0,0,0,0,0,0,0,0,0,0,0,0,0,0,0,1,0,1,0,0,1,0,0,0,1,1,1,1,0,0,0,0,0,0,1,1
0.002066116,0,0.001033058,0,0.001033058,0,0,0,0,0,0,0,0.001033058,0,0,0.01446281,0.001033058,0,0.04338843,0,0,0.003099174,0,0,0,0.001033058,0,0,0,0,0,0,0,0,0,0,0.007231405,0.005165289,0,0,0.004132231,0.012396694,0.005165289,0,0,0,0,0,0,0,0,0,0.009297521,0,0,0,0,0,0,0,0,0,0,0,0,0,0,0,0,0,0.002066116,0.005165289,0,0,0,0,0.002066116,0,0,0,0,0,0,0,0,0,0,0,0,0.002066116,0,0,0,0,0,0,0,0,0,0,0,0,0.002066116,0,0.009297521,0,0.001033058,0,0,0,0,0,0.001033058,0,0,0,0,0,0,0,0,0,0,0.003099174,0,0,0,1,0,1,0,0,1,1,0,1,0,0,0,0,0,0,0,0,1,0,1,1
0.000265675,0,0,0,0,0,0,0.000132837,0,0,0,0,0.000132837,0,0,0.002656748,0.000132837,0.000132837,0,0.000132837,0.000398512,0.003852285,0.000132837,0,0,0,0,0,0,0.000132837,0,0,0,0,0.000132837,0,0,0,0,0,0.009298618,0,0.017667375,0,0,0,0,0,0,0,0,0,0.000132837,0.001992561,0.000132837,0,0,0,0,0,0,0,0,0,0,0,0,0,0,0,0,0,0.000398512,0.00053135,0,0.000265675,0,0,0,0.000265675,0,0,0.000132837,0,0,0,0,0,0,0,0,0,0,0,0,0,0,0,0.000398512,0,0,0,0,0,0,0,0.001594049,0,0,0,0,0,0,0,0,0,0,0,0.000132837,0,0,0,0.000132837,0,0.000132837,1,0,0,1,0,0,0,0,0,0,0,0,1,0,0,0,0,0,0,0,0,1,0
0,0.001013069,0.000911762,0.000101307,0.002633978,0,0,0,0,0,0.000607841,0,0,0.000101307,0,0,0.00162091,0.000202614,0.009624152,0,0,0,0,0.001114375,0,0,0,0,0,0,0.000202614,0.000405227,0,0,0,0,0.002330058,0.000506534,0.000101307,0,0,0,0.010434606,0.007901935,0,0,0,0,0,0,0,0,0.006179718,0,0,0,0.000101307,0.000101307,0,0,0,0,0,0,0,0,0,0,0.000303921,0.002330058,0.000202614,0,0,0,0,0,0,0,0,0,0,0,0,0,0,0,0,0,0,0.000607841,0,0,0,0,0,0,0,0,0,0,0,0.000101307,0.005774491,0,0,0,0.016918245,0,0,0,0,0,0.001519603,0,0.001722217,0,0,0,0,0,0,0,0,0.000405227,0,0,0,1,0,1,0,0,0,0,0,0,0,1,1,0,0,0,0,0,0,1,0,1
0,0,0.068978956,0,0.006430242,0,0,0,0,0,0,0.000194856,0,0.000779423,0,0,0.008183944,0,0.001558846,0,0,0,0,0.00370226,0,0,0,0.007209665,0,0,0.000389712,0,0,0,0,0,0,0,0,0,0,0,0.000194856,0.000389712,0,0,0,0,0,0,0,0,0.001558846,0,0,0,0.000389712,0,0,0,0,0,0,0,0,0,0,0,0.007209665,0,0.000584567,0.000779423,0.000194856,0.000194856,0,0,0,0,0,0,0,0.000389712,0,0,0,0,0,0,0,0.000194856,0,0,0,0,0,0,0,0,0,0,0,0,0.000194856,0,0.000389712,0,0.001169135,0,0.000194856,0,0,0,0,0,0.005066251,0,0,0,0,0,0.000389712,0,0,0.000194856,0,1,1,1,0,0,0,0,0,0,0,0,0,1,0,0,0,0,0,1,1,0,0,1
0,0,0.001641844,0,0.005629178,0.000820922,0,0,0.001641844,0,0,0.000469098,0,0.001876393,0,0.000117275,0.000351824,0.000117275,0.003518236,0.000117275,0,0,0,0.000351824,0,0,0,0.000351824,0,0,0.000469098,0.000938196,0,0,0,0,0.001172745,0.003283687,0,0,0.000117275,0,0.015832063,0.002228216,0,0,0,0,0,0,0,0.000351824,0.001407294,0,0.000117275,0,0.000117275,0,0,0,0,0,0,0,0,0,0,0,0,0,0.000234549,0,0.000703647,0.005629178,0,0,0.000234549,0,0,0,0,0.000938196,0,0,0,0,0,0,0,0.000234549,0,0.000234549,0,0,0,0,0,0,0,0,0,0.000234549,0.002462765,0,0.000234549,0,0.018529377,0.000234549,0,0.000117275,0,0,0.000586373,0,0.000234549,0,0,0.000117275,0,0,0.000234549,0,0,0.000351824,0,1,0,1,1,1,0,0,0,1,0,1,0,0,0,0,1,0,0,0,0,1,0,0
0.000147623,0,0,0,0.000147623,0,0,0,0.000147623,0,0,0,0,0.001623856,0,0,0,0,0.000147623,0,0,0,0,0,0,0,0,0,0,0,0,0,0,0,0,0,0.000147623,0,0,0,0.007824033,0.000147623,0,0,0,0,0,0,0,0,0,0,0.023472099,0,0,0,0,0,0,0,0,0,0,0,0,0,0,0,0,0.000147623,0,0,0.000147623,0,0,0,0,0,0,0,0,0,0,0,0,0,0,0,0,0,0,0,0,0,0,0,0,0,0,0,0,0,0,0,0,0,0.001919102,0,0,0,0,0,0,0,0,0,0,0,0,0,0,0,0,0.000147623,0,0,0,1,1,0,0,0,0,0,0,0,0,1,0,0,0,0,0,0,1,0,1,1
0.002135231,0,0.000427046,0,0.020071174,0,0,0,0,0.001565836,0,0,0,0.003558719,0,0.001281139,0.141352313,0.000142349,0.005551601,0,0,0,0,0.004270463,0.000427046,0.001281139,0,0,0,0.002135231,0,0,0,0,0,0,0.000284698,0.001281139,0,0,0.003274021,0.010533808,0.002562278,0.006690391,0,0,0,0,0,0,0,0.000569395,0.001281139,0,0,0,0.000427046,0.000284698,0,0,0,0,0,0,0,0,0,0.000142349,0.00113879,0,0.002419929,0,0.000711744,0.000142349,0,0,0,0,0.000284698,0,0,0,0,0,0,0,0,0,0,0,0,0,0,0,0,0,0,0,0,0,0,0,0.001708185,0,0.000284698,0,0.014946619,0,0,0,0,0,0.006263345,0,0,0,0,0,0,0,0,0.000142349,0,0.00683274,0,0,0,1,0,1,0,0,1,1,0,1,1,0,1,0,0,1,0,1,1,0,1,1
0,0.000442478,0.011504425,0,0.017256637,0,0.004867257,0,0,0,0.000442478,0,0,0.003097345,0,0.000442478,0.060176991,0.000442478,0.022123894,0,0,0,0,0.002212389,0,0.000442478,0,0,0,0,0.004867257,0.001769912,0,0,0,0,0.006637168,0.012831858,0,0,0,0,0.025663717,0.005752212,0,0,0,0,0,0,0,0,0.009734513,0,0,0,0,0,0,0,0,0,0,0,0,0,0,0,0.003982301,0,0.001327434,0.055309735,0.001769912,0,0.000442478,0,0.000442478,0,0,0,0,0,0,0,0,0,0,0,0,0,0,0,0,0,0,0,0,0,0,0,0,0,0.000442478,0,0.000442478,0,0.008849558,0,0,0,0,0,0.003097345,0,0,0,0,0.000442478,0,0,0,0,0,0.002212389,0,1,0,1,0,0,0,0,0,0,0,0,0,0,1,1,0,0,0,0,0,0,1,1
0.016061868,0,0.000594884,0,0.000594884,0,0,0,0,0.0594884,0,0,0.002379536,0,0,0.008328376,0.000594884,0,0.000594884,0.000594884,0,0,0,0.001189768,0,0.019036288,0,0,0,0.001784652,0,0,0,0.000594884,0,0.000594884,0.000594884,0,0,0,0.000594884,0,0.004164188,0.000594884,0,0,0,0,0,0,0,0,0.000594884,0,0,0,0,0,0,0,0,0,0,0,0,0,0,0,0.001189768,0,0,0,0.04759072,0.001784652,0,0,0,0,0,0,0,0,0,0,0,0,0,0,0,0,0,0,0,0,0,0,0,0,0,0,0,0,0.000594884,0,0.005353956,0,0.000594884,0,0,0,0,0,0.000594884,0,0,0,0,0,0,0,0,0,0,0.005353956,0,1,0,0,0,0,0,0,0,0,0,1,1,1,1,1,1,0,0,0,0,0,1,0
0,0.004138645,0,0,0.000517331,0,0,0,0,0,0,0,0,0,0,0.00879462,0.000517331,0,0.007242628,0,0,0,0,0,0,0,0,0,0,0,0,0,0,0,0,0,0,0,0,0.00879462,0,0,0.010346611,0.004138645,0,0,0,0,0,0,0,0,0.011898603,0,0.00931195,0.000517331,0,0,0,0,0,0,0,0,0,0,0,0.01758924,0,0,0.002586653,0.001034661,0.000517331,0.000517331,0,0,0.000517331,0,0,0,0,0,0,0,0,0.00879462,0,0,0,0,0,0,0,0,0,0,0,0,0,0,0,0,0.001551992,0,0,0,0.000517331,0.000517331,0,0,0,0,0,0,0,0,0,0,0,0,0,0,0,0.001551992,0,1,1,0,1,1,0,0,0,0,0,1,1,0,1,1,0,0,0,1,0,0,0,0
0.002420331,0,0,0,0,0,0,0,0,0.002420331,0,0,0,0,0,0.006050827,0.000403388,0,0.012908431,0,0,0.000403388,0,0.000403388,0.000806777,0.001613554,0,0,0,0,0,0,0,0,0,0,0.000403388,0.002420331,0,0,0,0.001613554,0.000403388,0.002420331,0,0,0,0,0,0,0,0.003227108,0,0,0,0,0,0,0,0,0,0,0,0,0,0,0,0,0,0.000403388,0.000806777,0.001210165,0.002823719,0.000403388,0,0,0,0,0,0,0,0,0,0,0,0,0,0,0,0,0,0,0,0,0,0,0,0,0,0,0,0.000403388,0.001613554,0,0.010084712,0,0.010084712,0,0,0,0,0,0.000403388,0,0,0,0,0,0,0,0.000403388,0,0,0.003227108,0,1,1,1,0,1,0,0,0,0,0,1,0,0,0,0,0,0,0,1,0,0,1,0
0,0.004381161,0.008214677,0.006024096,0.004928806,0,0,0,0.033953998,0,0.00109529,0,0,0.000547645,0,0.000547645,0,0,0.007119387,0,0,0,0,0.003285871,0.000547645,0.000547645,0,0.000547645,0,0,0.002190581,0,0,0,0,0,0.000547645,0.000547645,0,0,0,0.000547645,0.001642935,0.003833516,0,0,0,0,0,0,0.000547645,0.00109529,0,0,0,0,0,0,0,0,0,0,0,0,0,0,0.013143483,0,0.00109529,0.024644031,0.000547645,0,0,0,0,0,0.000547645,0,0,0,0,0,0,0,0,0,0,0,0,0,0,0,0,0,0,0,0,0,0,0,0,0,0.003285871,0,0.00109529,0,0.038882804,0.000547645,0,0,0,0,0.000547645,0,0.002190581,0,0,0,0,0,0.001642935,0,0,0.002738226,0,0,1,1,0,0,0,0,0,0,1,1,1,0,1,1,0,0,1,0,1,0,0,0
0,0.000773994,0.006965944,0,0.021671827,0,0,0,0.035603715,0,0,0,0,0.000773994,0,0.000773994,0.027863777,0.000773994,0.00619195,0,0.000773994,0,0,0.002321981,0,0,0,0.003869969,0,0.000773994,0.001547988,0,0,0,0,0,0.002321981,0.001547988,0,0,0.005417957,0.007739938,0.005417957,0.001547988,0,0,0,0,0,0,0.001547988,0,0.002321981,0,0,0,0,0,0,0,0,0,0,0,0,0,0.000773994,0,0,0,0,0.004643963,0.000773994,0.000773994,0,0,0.003869969,0,0,0,0,0,0,0,0,0,0,0,0,0,0,0,0,0,0,0,0,0,0,0,0,0.001547988,0.008513932,0,0.000773994,0.006965944,0.015479876,0,0,0,0,0.000773994,0.003869969,0,0,0,0,0,0,0,0,0,0,0.010835913,0,1,1,0,0,0,1,0,1,1,0,1,1,1,0,0,0,0,0,1,1,0,0,0
0.004141063,0,0.000534331,0,0.009083623,0.000667913,0,0.000133583,0.000133583,0.00347315,0.005744056,0.001736575,0.000133583,0.000267165,0,0.007347048,0.007480631,0.000267165,0.002404488,0.000133583,0,0,0,0.000935079,0.000133583,0.000935079,0.000267165,0,0,0.000400748,0.001602992,0,0,0.000133583,0.000267165,0.000133583,0.000667913,0.001736575,0,0,0.004007481,0.004675394,0.002270906,0.005209725,0,0,0,0,0,0,0,0.000267165,0.000667913,0.000133583,0,0,0,0,0,0,0,0,0,0,0,0,0,0,0.003072402,0.000133583,0.001202244,0.000667913,0.034063585,0.00347315,0,0,0.001736575,0,0,0,0,0.008816457,0,0,0,0,0,0,0,0,0,0,0,0.000133583,0,0,0,0.000133583,0,0,0,0.000133583,0.003740315,0,0.002270906,0,0.000400748,0,0,0,0,0.000267165,0.001335827,0,0,0,0,0.000133583,0,0,0.000133583,0,0,0.00146941,0,1,0,1,1,0,0,0,0,0,0,0,1,1,1,1,0,1,0,0,0,0,1,1
0,0,0.009946764,0,0.040627627,0,0,0,0.051274867,0.000140095,0.005603811,0.000140095,0,0.000140095,0.000140095,0.000420286,0.059820678,0.000280191,0.039506865,0,0,0,0,0,0.008966097,0.000140095,0,0.00238162,0,0,0,0,0,0,0,0,0,0,0,0,0,0,0.000700476,0.002942001,0,0,0,0,0,0,0.000140095,0.011768002,0.002241524,0,0.000140095,0,0.000140095,0,0,0,0,0,0,0,0,0,0,0,0.00266181,0.216166994,0.021574671,0.00266181,0.000700476,0,0,0,0,0,0,0,0,0.000700476,0,0,0,0,0,0,0,0.000700476,0,0,0,0,0,0,0,0,0,0,0,0,0.014429812,0,0.006024096,0,0.019473242,0,0,0.000140095,0,0,0.005743906,0,0.000420286,0,0,0,0,0,0.001120762,0,0,0.054637153,0,1,0,1,0,1,0,0,1,0,0,0,1,1,1,1,0,0,0,0,1,0,0,1
0.000460564,0,2.88E-05,0,5.76E-05,0,0,1.92E-05,0,0.000287853,0,0,9.60E-06,7.68E-05,0,2.88E-05,0.003684514,3.84E-05,0.006668586,9.60E-06,0,0,0,0,0,0.000143926,0,0,0,0.000163116,5.76E-05,0,0,0,0,0,4.80E-05,0.00439455,0,0,0,9.60E-06,0.003511802,0.001180196,0,0,0,0,0,0,0,0,0.001938208,0,0,0,0,0,0,0,0,0,0,0,0,0,0,0,0,0,0.000786797,0.014651698,0.000211092,0,0,0,0.000623681,0,2.88E-05,0,0,0,0,0,0,0,0,0,0,0.001141815,0,9.60E-06,0,0,0,0,0,0,0,0,0,0,0.000374208,0,0.00279217,0,9.60E-05,0,0,0,0,9.60E-06,0.000143926,0,0,0,0,0,0,0,9.60E-06,0,0,0.000834773,0,1,1,0,0,0,0,0,0,1,0,0,1,1,0,0,1,0,0,1,1,0,1,0
0,0,0.001565558,0,0.001565558,0,0,0,0,0,0,0.000391389,0,0.003131115,0,0,0.011350294,0.000391389,0.003913894,0,0,0,0,0.000391389,0,0.000391389,0,0.000782779,0,0,0,0,0,0,0,0.000391389,0,0.002348337,0,0,0.000391389,0.003131115,0.000391389,0,0,0,0,0,0,0,0,0,0.009393346,0,0,0,0.000391389,0,0,0,0,0,0,0,0,0,0,0,0.008610568,0,0.003522505,0.000391389,0.019960861,0.000391389,0,0,0.001565558,0,0,0,0.001174168,0,0,0,0,0,0,0,0,0,0,0,0,0,0,0,0,0,0,0,0,0.000391389,0,0,0.000782779,0.000391389,0.018395303,0.000391389,0,0,0,0.000391389,0,0,0,0,0,0,0,0,0,0,0,0.002739726,0,1,1,0,0,0,0,0,1,0,0,0,1,1,1,0,1,0,0,0,1,0,0,1
8.31E-05,0.004322886,0.001745781,0.000166265,0.003159032,0,8.31E-05,0,0,0.000166265,0.006068667,0,0,8.31E-05,0,0.000166265,0.007315654,8.31E-05,0.003325297,0,0,0,0,0.004738549,0,0.000166265,0,0,0,8.31E-05,0.000665059,0,8.31E-05,0,0,0,0.000166265,0.001496384,0,0,0,0,0.004572284,0.007565051,0,0,0,0,0,0,0.000249397,0,0.00033253,0,0,0,0,0,0,0,0,0,0.01163854,0,0,0,0,0,0.002244576,0.000997589,0.001496384,0,0.001496384,0,0,0,0.002078311,0,0,0,0,0,0,0,0,0,0,0,0,0,8.31E-05,0,0,0,0,0,0,0,0,0,0,0,0.001080722,0,0.001662649,0,0.000249397,0,8.31E-05,0,0,0.000166265,0.003325297,0,0.000166265,0,0,0,0,0,8.31E-05,0,0,0.001330119,0,1,1,1,0,0,0,0,1,1,0,0,0,1,0,0,1,0,0,0,1,0,0,0
0.002630195,0,0.008679642,0,0.005917938,0,0.013282483,0,0,0.000526039,0,0,0,0.001709627,0,0.00013151,0.023145713,0,0.007496055,0,0,0,0,0.000920568,0.000789058,0.000263019,0,0,0,0,0,0,0,0,0,0,0.002893214,0.002235665,0,0,0,0,0.001052078,0,0,0,0,0,0,0,0,0.017359285,0.006575487,0,0,0,0.000526039,0,0,0,0,0,0,0,0,0,0,0,0,0,0.016044187,0.010652288,0.00499737,0.002498685,0,0,0,0,0,0,0.000263019,0,0,0,0,0,0,0,0,0.00013151,0,0.00013151,0,0,0,0,0,0,0,0,0,0,0.001578117,0,0.00013151,0,0.00013151,0,0,0.00013151,0,0,0,0,0.000657549,0,0,0,0,0,0,0,0,0.016833246,0,1,1,0,0,0,0,0,0,0,0,0,1,0,0,0,0,1,0,1,0,0,0,0
0.015807479,0,0.000254081,0,0.000263156,0,0,0.001261332,0,0.001315778,0,0,0.001642453,0.000154264,0,0.045217376,0.000281304,0.001379298,0.009165071,1.81E-05,0.004482718,0,0.000163338,0.000136115,0,0.002005426,4.54E-05,0,0,0.008856544,0.000163338,0,1.81E-05,1.81E-05,0.00182394,9.98E-05,0.000127041,0.000453716,0,0,0,0,0.000372047,0.001451892,4.54E-05,8.17E-05,0.000444642,8.17E-05,9.98E-05,9.07E-06,0,2.72E-05,0.00735928,0.002422846,0,0,0,0,0.000136115,0,0,1.81E-05,0,1.81E-05,9.07E-06,7.26E-05,0,0,0,0,0.000353899,0.000462791,0.067667263,0.004264934,0,9.07E-06,0,0.000136115,0,0.000190561,0,0,3.63E-05,0,0,0,0,0,0,0,2.72E-05,0,9.07E-06,0,9.07E-06,0,0,0,5.44E-05,0,0.000117966,0.011860146,0.016823804,0,0.003520839,0,0.009437301,0,3.63E-05,0,8.17E-05,6.35E-05,9.07E-06,7.26E-05,0,4.54E-05,1.81E-05,5.44E-05,0.000108892,0,0,2.72E-05,9.07E-06,0.003538988,0.000299453,1,1,0,0,0,0,0,1,1,0,0,1,0,0,0,0,0,0,0,1,0,1,0
0,0.001455251,0,0,0.009701674,0.000363813,0,0,0,0.000242542,0,0,0,0.000242542,0,0,0,0.000121271,0.081494058,0.000121271,0,0,0,0,0,0.000121271,0,0,0,0,0.003516857,0,0,0,0.000121271,0,0.001819064,0,0,0,0,0,0.00133398,0.005821004,0,0,0,0,0,0,0.001940335,0,0.003638128,0,0.000485084,0,0,0,0,0,0,0,0,0,0,0,0,0,0,0,0.005942275,0.000121271,0.001212709,0,0,0.000121271,0.000242542,0,0.000121271,0,0,0.000242542,0,0,0,0,0,0,0,0,0,0,0,0,0,0,0,0,0,0,0,0,0.023890371,0,0.001576522,0,0.00654863,0,0,0,0,0.000121271,0,0,0.001212709,0,0,0,0,0,0.000121271,0,0,0.005821004,0,1,0,1,0,0,0,1,0,0,0,0,0,1,0,0,0,0,1,1,1,0,1,0
4.64E-05,0.000343489,0.000594144,0.00021352,0.00745465,0,0,0,0,1.86E-05,0.000603427,0.000891216,9.28E-06,0.002757199,6.50E-05,0.001058319,0.020080209,5.57E-05,0.017935721,0,9.28E-06,0,0,0.000649845,0,9.28E-06,0,0.00018567,0,7.43E-05,0.000241371,0,0,0,0.000798381,2.79E-05,0.00318424,0.003991905,0,0.000129969,0.012105683,0,0.002125921,0.003193524,0,0,0,0,0,0,0,0,0.002692215,0,9.28E-06,0,9.28E-05,3.71E-05,0,0,0,0,0,0,0,0,0,9.28E-06,0,0,0.004678884,0.000232087,0.000139252,0.00018567,0,0,9.28E-06,6.50E-05,5.57E-05,2.79E-05,3.71E-05,0,0,0,9.28E-06,0,0,0,0,0,0,0,0,0,0,0,0,0,0,0,0,0.004474647,0.006201378,0,0.000919066,0,0.033940474,0,2.79E-05,0,0,9.28E-06,0.001281123,9.28E-06,0,1.86E-05,0,9.28E-06,9.28E-06,0,0,0,0,0.004029039,8.36E-05,1,0,1,1,0,0,0,0,0,0,0,0,0,0,0,0,0,0,0,0,0,0,0
0.000448029,0.000448029,0.008064516,0,0,0,0,0,0,0,0,0,0,0.000448029,0,0.000448029,0.077956989,0,0.008512545,0,0,0,0,0.007168459,0,0,0,0.010304659,0,0,0,0,0,0,0,0,0.002240143,0,0,0,0,0.000448029,0.000896057,0.003136201,0,0,0,0,0,0,0,0,0.000896057,0,0,0,0,0,0,0,0,0,0,0,0,0,0,0.000448029,0.000448029,0.055555556,0.003584229,0.001344086,0,0,0,0,0,0,0,0,0,0,0,0,0,0,0,0,0,0,0,0,0,0,0,0,0,0,0,0,0,0,0.004928315,0,0.000448029,0,0.028673835,0,0,0,0,0,0,0,0.004032258,0,0,0,0,0,0,0,0,0.001344086,0,0,0,1,0,0,1,1,0,1,0,0,1,1,0,0,0,0,0,1,1,0,1,1
0,0.005025126,0.016511127,0.00143575,0.003589375,0,0.00143575,0,0.058147882,0,0.005743001,0.004307251,0,0.000717875,0,0.000717875,0.04091888,0,0.003589375,0,0,0,0,0.014357502,0.000717875,0,0,0.00143575,0.005025126,0,0.002153625,0.000717875,0,0,0,0,0.002153625,0.00143575,0,0,0,0,0.005025126,0.003589375,0,0,0,0,0,0,0,0.0028715,0.003589375,0,0,0,0,0,0,0,0,0,0,0,0,0,0,0,0.00143575,0.104809763,0.000717875,0.000717875,0,0,0,0,0.000717875,0,0,0,0,0.00143575,0,0,0,0,0,0,0,0,0,0,0,0,0,0,0,0,0,0,0,0,0.002153625,0,0.000717875,0.007896626,0.000717875,0,0,0.000717875,0,0,0.000717875,0,0.002153625,0,0,0,0,0,0.000717875,0,0,0.000717875,0,0,0,1,0,0,0,0,1,1,0,0,0,1,0,0,0,0,0,0,0,0,0,0
7.22E-05,0,4.01E-05,0,0.000152492,8.03E-06,0,5.62E-05,0,9.63E-05,0,0,8.03E-06,8.03E-06,0,3.21E-05,0.000160518,0.000489578,0.001123623,8.03E-05,0.000321035,8.03E-06,1.61E-05,8.03E-06,0,3.21E-05,8.03E-06,0,0,8.03E-06,1.61E-05,0,8.03E-06,1.61E-05,5.62E-05,7.22E-05,0.011637519,0.002600384,0,0,0,0,0.003804265,0.00091495,0,0,8.03E-06,8.03E-06,0,0,0,5.62E-05,0.005810734,6.42E-05,0.000120388,0,0,8.03E-06,0,8.03E-06,3.21E-05,0,0.019872068,0,8.03E-06,0,0,0,8.03E-06,0,0.001091519,1.61E-05,0.000674174,7.22E-05,0,8.03E-06,1.61E-05,0,0,1.61E-05,0,0,2.41E-05,0,0,0,0,0,0,0,4.01E-05,0,2.41E-05,2.41E-05,0,0,8.03E-06,0,8.03E-06,0,0,0.000104336,0.009695258,0,3.21E-05,0,0.012383926,0,8.03E-06,0,4.01E-05,3.21E-05,0.000682199,8.03E-06,0,8.03E-06,0,0,0,0,0,0.000168543,0,0.001396502,0,1,0,1,1,1,0,0,0,0,0,1,0,1,0,0,1,0,0,0,0,0,1,0
0.000625,0,0,0,0,0,0.000625,0,0,0,0,0,0.000625,0.00125,0,0.009375,0.000625,0,0.000625,0,0,0,0,0,0,0.004375,0,0,0,0,0,0,0,0,0,0,0,0,0,0,0,0,0,0,0,0,0,0,0,0,0,0,0,0,0,0,0,0,0,0,0,0,0,0,0,0,0,0.00625,0,0,0,0.03875,0.001875,0,0,0,0.00375,0,0,0,0,0,0,0,0,0,0,0,0,0,0,0,0,0,0,0,0,0,0,0,0,0,0,0,0,0,0.000625,0,0,0,0,0,0,0,0,0,0,0,0,0,0,0,0,0,0,1,0,1,0,0,0,1,1,0,0,0,1,1,0,0,0,0,0,0,1,0,0,0
0.000316556,0.000316556,0.009496676,0,0.023108579,0,0.001899335,0,0,0,0,0,0,0.000633112,0,0.000316556,0.016777461,0.000316556,0.008547009,0,0,0,0,0.005064894,0,0.000316556,0,0.000949668,0,0,0,0,0,0,0,0,0.001582779,0.008863564,0,0,0.000633112,0,0.011712567,0.00379867,0,0,0,0,0,0,0,0.000949668,0,0,0,0,0,0,0,0,0,0,0,0,0,0,0,0,0,0,0.000633112,0.00538145,0.000633112,0.000316556,0,0,0.000316556,0,0,0,0,0.000316556,0,0,0,0,0,0,0,0.000316556,0,0,0,0,0,0,0,0,0,0,0,0,0.055080722,0,0.002532447,0,0.025007914,0,0,0,0,0,0.002215891,0,0.000949668,0,0,0,0,0,0,0,0,0.000949668,0,0,0,1,0,0,0,0,0,0,0,1,0,0,0,0,0,0,0,0,0,1,0,1
0,0.000160849,0.032169857,0,0.004182081,0,0.001447644,0,0,0,0.00450378,0,0,0.001125945,0,0.000160849,0.049702429,0.000160849,0.056779797,0,0,0,0,0.001608493,0.003699534,0,0,0,0,0,0,0,0,0,0,0,0.007399067,0.012063696,0,0,0.000160849,0,0,0.003056136,0,0,0,0,0,0,0,0.010776902,0.038764677,0,0,0.000160849,0,0,0,0,0,0,0,0,0,0,0,0,0,0,0.021071256,0.005951424,0.000482548,0.000160849,0,0,0.000160849,0,0,0,0,0,0,0,0,0,0,0,0,0,0,0,0,0,0,0,0,0,0,0,0,0,0,0,0.001608493,0,0.053241113,0.002091041,0,0,0,0.000160849,0,0,0,0,0,0,0,0,0.000482548,0,0,0.019462763,0,1,0,1,0,1,0,0,0,0,0,1,0,1,0,0,0,0,0,0,0,0,0,0
0,0.000382117,0,0.000764234,0.011081391,0,0,0,0.000764234,0,0.005349637,0.000382117,0,0.000382117,0,0,0.016048911,0.000382117,0.005731754,0,0,0,0,0,0,0,0,0.001528468,0.000382117,0,0,0.002674818,0,0,0,0,0.001910585,0.002674818,0.000382117,0,0.000764234,0,0.006495988,0.003056935,0,0,0,0,0,0,0,0,0.001910585,0,0,0,0,0,0,0,0,0,0,0,0,0,0,0,0,0.000764234,0.001146351,0.000382117,0.000382117,0,0,0,0,0,0,0,0,0.03477264,0,0,0,0,0,0,0,0.000764234,0,0,0,0,0,0,0,0,0,0,0,0,0.001910585,0,0,0.000382117,0.005349637,0,0,0,0,0,0,0,0.003056935,0,0,0,0,0,0,0,0,0.002674818,0,1,0,1,0,0,0,0,0,1,0,1,1,1,1,1,0,0,0,0,0,0,0,1
7.94E-06,0.000905596,0.000699056,0.001541101,0.031965937,0,0,0,0,0,0.002430809,0,0,0.000794382,7.15E-05,0,0.038376601,0.000135045,0.034269645,7.94E-06,0,0,0,0,0,7.94E-06,0,0,0,7.94E-06,0.003511169,0,0,0,0,0,0.010890979,0.003225191,0,0,0.001866798,0,0.004353214,0.015752598,0,0,0,0,0,0,3.18E-05,0,0.006331226,0,7.94E-06,0,0.000190652,0.000127101,0,0,0,0,0,0,0,0,0,0.00010327,0.010462013,0,0.006212068,0.001477551,5.56E-05,0,0,0,0,0,1.59E-05,0,0.000770551,0,0,0,0,0,0,7.94E-06,0,0.000357472,0,0,0,0,0,0,0,0,0,0,0,0,0.018445553,0.000778494,0.000111213,0,0.017206317,0.010525563,0,0,0,7.94E-06,0.017174542,0,0,0,0,7.94E-06,0,0,0,7.94E-06,0,0.010724159,0,1,0,1,0,1,0,0,0,0,0,1,0,0,1,0,0,0,0,0,0,0,0,1
0.00014518,0.00014518,0.056039489,0.010017422,0.018728223,0,0,0,0.033826945,0,0,0,0,0.0007259,0,0,0.006387921,0.006387921,0.0014518,0,0,0,0,0,0.0014518,0,0,0,0,0,0,0,0,0,0,0,0.0014518,0.00203252,0,0,0.00174216,0,0.0021777,0.006242741,0,0,0,0,0,0,0,0.005081301,0.007404181,0,0,0,0.00029036,0,0,0,0,0,0,0,0,0,0,0.00014518,0,0.069976771,0.00014518,0.00261324,0.00014518,0,0.00087108,0,0.00058072,0,0.00029036,0,0,0,0,0,0,0,0,0,0,0.00014518,0,0,0,0,0,0,0,0,0,0,0,0,0.00232288,0,0.00261324,0,0.012049942,0,0,0,0,0,0.004065041,0,0,0,0,0.00014518,0,0,0,0,0,0.00101626,0,0,1,1,0,0,0,0,0,0,0,0,0,0,0,0,0,0,0,0,0,0,0,1
0,0.004402862,0.000275179,0.000275179,0.000137589,0.000550358,0,0,0.000275179,0,0.005503577,0,0,0.000963126,0,0,0,0.006741882,0.001513484,0,0,0,0,0.000137589,0,0,0,0.000137589,0,0,0,0,0,0,0,0.000275179,0.000275179,0.000275179,0,0,0.002751789,0.000137589,0.003164557,0.001651073,0,0,0,0,0,0,0,0,0.006741882,0,0,0,0.000137589,0.000275179,0,0,0,0,0,0,0,0,0,0.000137589,0,0.000963126,0,0.004678041,0.000550358,0,0,0,0.000963126,0,0,0,0,0.028756192,0,0,0,0,0,0,0,0.000275179,0,0.000412768,0,0,0,0,0,0.000137589,0,0,0,0,0.000137589,0,0,0,0.00481563,0,0,0,0,0,0.000137589,0,0.000137589,0,0,0,0,0.000137589,0,0,0,0.000137589,0.000137589,1,0,1,1,0,0,0,0,0,0,1,1,0,1,0,1,0,0,1,0,0,0,1
0,0,0.01889874,0,0.092860476,0,0,0,0,0,0.009799347,0,0,0.00629958,0,0,0,0.000933271,0.019132058,0,0,0,0,0.010032664,0,0,0,0,0,0,0.000466636,0,0,0,0,0,0.000233318,0.009099393,0,0.000233318,0,0,0.000933271,0.000233318,0,0,0,0,0,0,0,0,0.000699953,0,0.003966402,0,0.022865142,0.000233318,0,0,0,0,0,0,0,0,0,0.001399907,0.009799347,0,0.001399907,0.000233318,0.000233318,0,0,0,0,0,0.000233318,0,0,0,0,0,0,0,0,0,0,0,0,0,0,0,0,0,0,0,0,0,0,0.000233318,0.000233318,0,0.000233318,0,0.0419972,0,0,0,0,0,0.000233318,0,0.002799813,0,0,0,0,0,0,0,0,0.001399907,0,0,0,1,0,0,0,0,1,1,0,0,0,0,0,0,0,0,0,0,0,0,0,1
9.89E-05,0.000395491,9.89E-05,0,0.000296619,0,0,0,0.102036781,0,0.011271505,0,0,0.004745897,9.89E-05,0,0.011568123,0.003262804,0.012062488,9.89E-05,0,0,0,0,0,9.89E-05,0,0,0,0,9.89E-05,0,0,0,0,0,0,0.000197746,0.000296619,0,0,0.005734625,0.003163931,0.002867313,0,0,0,0,0,0,0,0,0.018983587,0,9.89E-05,0,9.89E-05,0,0,0,0,0,0,0,0,0,9.89E-05,0.005833498,0.008799684,0.044987147,0.005734625,9.89E-05,0.001680838,0,0,0,0,0,0,0,0.000197746,0,0.000197746,0,0,0,0,0,0,9.89E-05,0,0,0,0,0,0,0,0,0,0,0,0,0.006130117,0,0,0,0.006822227,0,0,0.000197746,0,0,0,0,0,0,0,0,0,0,0,0,0,0.007909828,0,1,0,1,0,0,0,0,0,0,0,1,0,1,1,1,0,0,0,0,1,0,0,0
0.018921606,0,0.000305187,0,0.000561151,0.001004164,0,0.001496402,9.84E-06,0.012118885,0,0,0.00174252,9.84E-06,0,0.005542593,0.004410447,9.84E-06,0.006369552,0.000295342,0.002648237,0.000226429,0.001614539,9.84E-06,0.000118137,0.003691781,1.97E-05,0,0,0.000324877,0.000718667,0,9.84E-06,4.92E-05,6.89E-05,9.84E-06,1.97E-05,0.002392274,0,0,0.002431653,0.016952657,0.000698977,0.001132146,9.84E-06,0.000236274,5.91E-05,3.94E-05,0.000137826,0,0,0.000462703,0.002372584,0.003445662,0,0,0,0,9.84E-06,0.002067397,3.94E-05,9.84E-06,0,7.88E-05,1.97E-05,1.97E-05,0,0,0.004577808,0.000118137,0.000383945,0.000649753,0.013950008,9.84E-06,0,9.84E-06,0,1.97E-05,0,1.97E-05,0,0,0.000334721,0,0,0,0,0,0,9.84E-06,0,9.84E-06,5.91E-05,1.97E-05,9.84E-06,0,0,0,0,0,2.95E-05,7.88E-05,0.004410447,0,0.003563799,0,0.008279433,0,9.84E-06,0,0,2.95E-05,0.000521772,0,9.84E-06,0,1.97E-05,0,6.89E-05,0,0.000315032,7.88E-05,9.84E-06,0.000758046,6.89E-05,0,0,1,0,0,0,1,0,0,0,1,0,0,0,0,0,0,0,1,1,0,1,0
8.12E-05,0.000568551,0.0041423,0.000568551,0.002274204,0,0.001461988,0,0.012183236,0.000162443,0.005766732,8.12E-05,0,8.12E-05,0,0,0.028671215,0.000162443,0.007147498,0,0,0,0,0.0082846,0.00259909,8.12E-05,0,0.001299545,0.000324886,0,0.001624431,0,0,0,0,0,0.002761533,0.003330084,0,0,0,0,0.004385965,0.007391163,0,0,0,0,0,0,0.000162443,0.003492528,0.000568551,0,0,0,0,0.000162443,0,0,0,0,0,0,0,0,0.004304743,0,0.0041423,0.049220273,0.000243665,0.000812216,0.000162443,0,0.000243665,0,0.000974659,0,8.12E-05,0,0,0.000162443,0,0,0,0,8.12E-05,0,0,0,0,8.12E-05,0,0,0,0,0,0,0,0,0,0,0.005441845,0,0.001949318,0.000324886,0.019818064,8.12E-05,0,8.12E-05,0,0,0.003330084,0,0.000893437,0,0,0,0,0,0,0,0,0.000162443,0,1,0,1,0,1,0,1,0,0,0,1,0,1,0,0,1,0,0,1,0,0,0,1
0.002372479,0,0,0,0.00118624,0,0,0,0,0,0,0,0,0,0,0,0.075919336,0,0.007117438,0.00118624,0,0,0,0.00118624,0,0,0,0,0,0,0,0,0,0,0,0,0.00118624,0.00118624,0,0,0,0.00118624,0.003558719,0.00118624,0,0,0,0,0,0,0,0,0.005931198,0,0,0,0,0,0,0,0,0,0,0,0,0,0,0,0,0.00118624,0,0,0,0,0,0,0,0,0,0,0,0,0,0,0,0,0,0,0,0,0,0,0,0,0,0,0,0,0,0,0,0,0.002372479,0.002372479,0.00118624,0,0.002372479,0,0,0,0,0,0.00118624,0,0,0,0,0,0,0,0,0,0,0.00118624,0,1,0,1,1,0,0,1,0,1,0,1,1,1,0,0,0,0,0,0,1,1,0,1
0,0.006906077,0.003453039,0,0.002762431,0,0,0,0.001381215,0,0.002071823,0,0,0,0.000690608,0,0,0,0.002762431,0,0,0,0,0.017265193,0,0,0,0,0,0,0.003453039,0,0,0,0,0,0,0.001381215,0,0,0,0.000690608,0,0.004834254,0,0,0,0,0,0,0,0,0.000690608,0,0,0,0,0.000690608,0,0,0,0,0,0,0,0,0,0,0.000690608,0.000690608,0.002762431,0.00621547,0,0,0,0,0.000690608,0,0.000690608,0,0,0,0,0.000690608,0,0,0,0,0,0.001381215,0,0,0,0,0,0,0,0,0,0,0,0,0.009668508,0,0,0,0.002071823,0,0,0,0,0,0,0,0.000690608,0,0,0,0,0,0,0,0,0.008977901,0,0,1,1,0,0,0,0,0,0,0,0,0,0,0,0,0,0,0,0,0,1,0,0
0,0.004007729,0.000930366,0.000143133,0.0002147,0,0.008158592,0,0.043011522,0,0,0.000286266,0,0.0004294,7.16E-05,0,0.00651256,7.16E-05,0.010663422,0,0,0,0,0.001145065,0.027982538,0,0,0,0,0,0.001502898,0,0,0,0,0,0.004580262,0.015673084,0.000357833,0,0,0.0002147,0.005510628,0.001502898,0,0,0,0,0,0,0.000143133,0.031704001,0.000500966,7.16E-05,0,0,7.16E-05,0,0,0,0,0,0,0,0,0,0.006440993,0,0,0.004651829,0.005295928,0.00629786,0.000143133,0.0002147,0.0004294,7.16E-05,0.000143133,0,0,0,0.000143133,0.020539612,0,0,0,0,0,0,0,0.005152795,0,0,0,0,0,0,0,0,0,0,0,7.16E-05,0.004580262,7.16E-05,7.16E-05,0.001717598,0.006440993,0,0,0,0,0,0,0,0.001502898,0,0,0,0,0,0,7.16E-05,0,0.001073499,0,1,1,1,0,0,0,1,1,1,0,0,0,0,1,0,0,0,0,0,0,0,0,0
0,0.000518941,0.000518941,0,0.007265179,0,0,0,0,0,0.010897769,0.014530358,0,0.002075765,0,0,0.016606124,0.006746238,0.105864037,0,0,0,0,0.000518941,0,0,0,0,0,0,0,0,0,0,0,0,0,0.01141671,0,0,0,0,0.006227296,0.036325895,0,0,0,0,0,0,0,0,0,0,0.000518941,0.000518941,0.000518941,0,0,0,0,0,0,0,0,0,0,0,0,0,0.016087182,0,0,0,0,0,0.000518941,0,0,0.000518941,0.000518941,0,0,0,0.000518941,0,0,0,0.000518941,0,0,0,0,0,0,0,0,0,0,0,0,0,0.009340944,0,0,0,0.000518941,0.002594707,0,0,0,0,0,0,0,0,0,0,0,0.000518941,0.000518941,0,0,0.00778412,0,1,1,1,0,1,0,0,0,0,0,1,0,0,0,0,0,0,0,0,0,0,0,0
0,0.00020816,0.029766861,0,0.016860949,0,0.003955037,0,0,0.00020816,0,0,0,0.001248959,0,0.000832639,0.056203164,0,0.017069109,0,0,0,0,0.003538718,0,0.00020816,0,0,0,0.00041632,0.00062448,0,0,0,0.001665279,0,0.013738551,0.006869276,0.00020816,0,0.003746878,0,0.004995837,0.009367194,0,0,0,0,0,0,0,0.003746878,0.004163197,0.00020816,0.00041632,0,0.00020816,0,0,0,0,0,0,0,0,0,0,0,0.004371357,0.137177352,0.011032473,0.001665279,0.003330558,0.00041632,0,0,0.000832639,0,0,0,0.00062448,0.007285595,0,0,0,0,0,0,0,0,0,0,0,0,0,0,0,0,0,0,0,0.00020816,0.010407993,0,0.00062448,0,0.025811823,0,0,0,0,0,0.003955037,0,0,0,0,0.00020816,0,0,0,0,0.00020816,0.014363031,0,1,0,1,0,0,0,0,0,0,1,1,0,1,0,0,1,0,0,1,0,0,0,1
0,0,0.002115656,0,0.059238364,0,0,0,0,0,0.007052186,0.002820874,0,0.001410437,0,0.000705219,0,0.002820874,0.02045134,0,0,0,0,0.001410437,0,0,0,0,0,0,0,0.001410437,0,0,0,0,0,0.007052186,0,0,0,0,0.00493653,0.012693935,0,0,0,0,0,0,0,0,0.009873061,0,0.006346968,0,0,0.000705219,0,0,0,0,0,0,0,0,0,0.000705219,0.007052186,0,0,0,0.002115656,0,0,0,0.000705219,0,0,0,0,0,0,0,0.000705219,0,0,0,0.000705219,0,0,0,0,0,0,0,0,0,0,0,0,0,0.001410437,0,0,0,0.026798307,0,0,0,0,0,0.009167842,0,0,0,0,0,0,0,0,0,0,0.009167842,0,1,0,1,0,1,1,0,0,1,0,0,0,1,0,0,1,0,1,0,0,0,0,1
0.000577645,0.001732935,0.001732935,0,9.63E-05,0,0,0,0,0.003273322,0,9.63E-05,0.000866468,9.63E-05,0,0.006065274,0.005198806,0,0.006450371,0.000192548,0,0,0,0.003080774,0,0.00182921,0.000481371,0,0,0.000481371,0,0,9.63E-05,0,0.000192548,9.63E-05,0.000673919,0.008472129,0,0,0,0,0.000192548,9.63E-05,0,0,0,0,0,0,9.63E-05,9.63E-05,0,0,0,0,0,9.63E-05,0,0,0,0,0,0,0,0,0,0,0,0,0.010493887,0.014152306,0.001540387,9.63E-05,0,0,0.000385097,0,0,0,0,0,0,0,0,0,0,0,0,0,0,0,0,0,0,0,0,0,0,0,0,0,0.048329643,0,0.003658419,0,0.003273322,0,9.63E-05,0,0,0.000288823,0.000577645,0.000192548,0,0,0,0,0,0,0,0,0.000288823,0.005776451,0,1,0,1,0,0,0,0,0,0,0,0,0,0,0,0,0,0,0,0,0,0,0,1
0.000173754,0,0.001190218,0,0.001129404,8.69E-06,0,7.82E-05,0,0.000104253,0.002571565,0,2.61E-05,2.61E-05,0,1.74E-05,0.000121628,1.74E-05,0.002823509,3.48E-05,0.00106859,0,3.48E-05,0.000278007,0.000538639,2.61E-05,5.21E-05,0.000173754,0,0.001207593,0.0004952,0,0,8.69E-06,8.69E-06,8.69E-06,0.002067677,0.000582077,0,0,0,0.000199818,0.000651579,0.002510751,8.69E-06,8.69E-06,0.000104253,4.34E-05,8.69E-06,0,0,0.002154555,0.000512575,8.69E-06,0,0,0,0,0,4.34E-05,8.69E-06,2.61E-05,0.054984579,0,0,8.69E-06,0,0,0.0019808,0,0.001502976,0.001529039,0.000243256,0,0,8.69E-06,0,0,8.69E-06,0,0,8.69E-06,5.21E-05,0,0,0,0,0,0,0,2.61E-05,1.74E-05,0,0,0,0,0,0,8.69E-06,0,0,0,0.005169193,0,0.001051214,0,0.002215369,0,8.69E-06,0,2.61E-05,8.69E-06,0.000981712,0,1.74E-05,1.74E-05,0,8.69E-06,2.61E-05,0,0.00011294,6.08E-05,0,0.000955649,2.61E-05,1,0,1,1,0,0,0,0,0,0,1,0,0,1,0,0,0,0,0,0,0,1,1
0.000184377,0.002827116,0,0,0,0,0,0,0,0.000307295,0,0,6.15E-05,0.010632413,0.000245836,0,0.000737508,0.000122918,0.027779485,0,0,0,0,0,6.15E-05,0.000184377,0,0,0,0.000122918,0,0,0,0,0,0,0.006637576,0,0,6.15E-05,0,0,0.012353267,0,0,0,0,0,0,0,0,0.004179215,0.009034479,0,0.020527319,6.15E-05,0.00061459,0,0,0,0,0,0,0,0,0,0.042959867,6.15E-05,0.00258128,0,0,0.001659394,0.007375085,0,0,0,0,0,6.15E-05,0,0.000430213,0,0,0,0,0.000491672,0,0,0,0.000122918,0,0,0,0,0,0,0,0,0,0,0,0,0.004117756,0,0,0,0,0,0,0.000737508,0,6.15E-05,0,0,0,0,0,0,0,0,0,0,0,0,0,1,1,0,0,0,0,0,0,0,1,1,1,1,1,1,1,0,0,1,1,0,0,0
0.000743494,0.000743494,0.000743494,0,0.001486989,0,0,0,0.000743494,0,0,0.001486989,0,0.000743494,0,0,0.000743494,0,0.010408922,0,0,0,0,0,0.000743494,0,0,0,0,0,0,0,0,0,0,0,0.002230483,0.005947955,0.000743494,0,0,0,0.012639405,0.000743494,0,0,0,0,0,0,0.000743494,0.002973978,0.005947955,0,0.011152416,0,0.000743494,0,0,0,0,0,0,0,0,0,0,0.008921933,0.000743494,0,0,0.001486989,0.000743494,0,0,0,0.000743494,0,0.000743494,0,0,0.005204461,0,0,0,0.000743494,0,0.016356877,0,0,0,0,0,0,0,0,0,0,0,0,0,0,0.000743494,0,0,0,0.02527881,0.002230483,0,0,0,0,0.001486989,0,0,0,0,0.000743494,0,0,0,0,0,0.003717472,0,1,0,0,0,0,0,0,0,0,0,0,0,0,0,0,0,0,0,0,1,0,0,0
0.000193686,0,0,0,0,0,0,0.000193686,0,0,0,0,9.68E-05,0,0,9.68E-05,0,9.68E-05,0.03050552,9.68E-05,9.68E-05,0.000193686,0.000290529,0,0,0,0,0,0,0,0,0,0,0,9.68E-05,9.68E-05,0.001549487,0,0,0,0,0,0,0.000193686,0,0,0,0,0,0.000193686,0,9.68E-05,0,0.000193686,0.000871586,0,0,0,0,0,0.000193686,0,0,0,0,0,0,0,0,0,0.0006779,0.011717993,0.008812706,0,0,9.68E-05,0.000193686,0,0,0,0.0006779,0,9.68E-05,0,0,0,0,0,0,0,0,0.000774743,0,0,0,0,0,0,0,0,0,0.000387372,0.003776874,0,0.002421073,0,0.000193686,0,9.68E-05,0,9.68E-05,9.68E-05,0,0,0,0,0,0,0,0,0,0,0,0.000774743,0,1,0,1,0,0,0,0,0,0,0,1,0,0,1,1,0,0,0,0,0,0,1,1
0,0,0.000421408,0,0.00337126,0.000421408,0,0.000421408,0.000421408,0,0,0,0,0.002107038,0,0.002528445,0.000421408,0,0.0168563,0,0,0,0,0,0,0,0,0,0,0,0,0,0,0,0,0,0,0.02865571,0,0,0.015592078,0,0.002949853,0,0,0,0,0,0,0,0,0.000421408,0.02022756,0,0,0,0,0,0,0,0,0,0,0,0,0,0,0.002528445,0.002107038,0.000421408,0,0.003792668,0.014327855,0.000842815,0,0,0,0,0,0,0,0,0,0,0,0,0,0,0,0,0.000421408,0,0,0,0,0,0,0.002528445,0,0,0,0,0,0,0.000421408,0.000421408,0.026548673,0,0,0,0,0.000421408,0,0,0,0,0,0,0,0,0,0,0,0,0,0,0,1,0,1,0,0,0,0,0,1,0,1,0,0,1,0,0,0,0,0,1,1
0,0.004994877,0.001793033,0.000768443,0.001536885,0,0,0,0.017930328,0,0.012295082,0,0,0.000512295,0.000128074,0.000128074,0.052382172,0.000128074,0.011142418,0,0,0,0,0.006275615,0.004610656,0,0,0.000384221,0,0,0.001280738,0,0,0,0,0,0.005122951,0.007300205,0.000384221,0,0.000128074,0.000896516,0.003586066,0.007684426,0,0,0,0,0,0,0.004098361,0.043929303,0.007684426,0,0,0,0.000128074,0,0,0,0,0,0,0,0,0,0,0,0,0.000128074,0,0.013831967,0.000512295,0.000128074,0,0,0.00102459,0,0.000128074,0,0,0.001408811,0,0,0,0,0,0,0,0.004354508,0,0,0,0,0,0,0,0,0,0,0,0.000128074,0.017802254,0.004994877,0.000256148,0.000640369,0.028944672,0,0,0,0,0,0.002689549,0,0,0,0,0.000128074,0,0,0.001536885,0,0,0.001536885,0,0,0,0,0,0,0,0,0,0,0,0,0,0,0,0,0,0,0,0,0,0,0,0
0,0.000372717,0.000372717,0,0,0,0,0,0.028699217,0,0.013790533,0,0,0.000745434,0.000745434,0,0.000745434,0.003354454,0.035780842,0.000372717,0,0,0,0,0,0,0,0,0,0,0,0,0,0,0,0,0.005590757,0,0,0.000372717,0,0.008199776,0,0.011181513,0,0,0,0,0,0,0.000372717,0,0.01677227,0.000372717,0.001490868,0,0.000372717,0,0,0,0,0,0,0,0,0,0,0.012672382,0,0.007827059,0.032799105,0.010436079,0.000745434,0,0,0,0,0,0,0,0.000372717,0,0,0,0,0.000372717,0,0,0.019008572,0.01155423,0,0,0,0,0,0,0,0,0,0,0,0.000372717,0.008945211,0,0,0,0.058889303,0,0,0,0,0,0.001118151,0,0,0,0,0.000372717,0,0.006708908,0,0,0,0.03354454,0,1,1,1,0,0,0,0,0,0,1,0,0,0,0,0,1,0,0,1,0,0,0,1
0,0,0.000947423,0,0.008380298,0,0,9.77E-06,0,0,0,0,0,0.002012053,2.93E-05,0.000146509,0.045749783,9.77E-05,0.013859723,9.77E-06,1.95E-05,9.77E-06,0,0.000166043,0,0,0,0.014748542,0,0,0,0,0,0,1.95E-05,9.77E-06,0.003613881,0.005147339,0,0,0,0,0.007891935,0,0,0,0,0,0,0,0,0,0.003272028,0.000205112,0,0,0,5.86E-05,0,0,0,0,0,0,0,0,0,6.84E-05,0,0,0.000771612,0.000507897,0.000351621,0.01184767,0,9.77E-06,2.93E-05,0,3.91E-05,9.77E-06,0,0.005879882,1.95E-05,0,0,0,0,0,0,0.000400457,0,0,0,0,0,0,0,0,0,0,0,2.93E-05,0.00943516,0,0,0,0.007266831,0,9.77E-06,0.000136741,9.77E-06,0,0,0,0.000126974,0,0,8.79E-05,0,0,0,1.95E-05,0,0.004932459,0,0,0,1,0,0,0,1,0,0,0,0,0,1,1,0,0,0,0,0,1,0,0,0
0,0.000121581,0.00887538,0,0,0,0.003525836,0,0,0,0,0.008632219,0,0.003039514,0,0,0.003525836,0.000243161,0.002796353,0,0,0,0,0,0.001094225,0,0,0,0.01337386,0,0,0.000121581,0,0,0,0,0,0.000243161,0,0,0,0,0,0,0,0,0,0,0,0,0,0.002553191,0.029544073,0,0.000121581,0,0.000486322,0.000243161,0,0,0,0,0,0,0,0,0,0,0,0,0.040121581,0.014103343,0.000243161,0.000121581,0.010942249,0,0.00218845,0,0.000121581,0,0,0.020303951,0,0,0,0,0,0,0,0,0,0,0,0,0,0,0,0,0,0,0,0,0,0,0,0.030759878,0,0.000121581,0,0,0,0,0,0,0,0,0,0.000607903,0,0,0,0,0,0.041094225,0,1,0,1,0,0,0,0,0,0,0,1,1,1,1,0,0,0,0,0,0,0,0,1
0.000772798,0,0.001545595,0,0.004636785,0,0,0,0,0,0,0,0,0.000772798,0,0,0.000772798,0,0.001545595,0,0,0,0,0,0,0,0,0,0,0,0.001545595,0,0,0,0,0,0,0.004636785,0,0,0,0.000772798,0.004636785,0.000772798,0,0,0,0,0,0,0,0,0.000772798,0,0,0,0,0,0,0,0,0,0,0,0,0,0,0,0.001545595,0,0,0,0.000772798,0.000772798,0,0,0,0,0,0,0,0.000772798,0,0,0,0,0,0,0,0,0,0.000772798,0,0,0,0,0,0,0,0,0,0.000772798,0.000772798,0,0.000772798,0,0.000772798,0,0,0,0,0,0.000772798,0,0.000772798,0,0,0,0,0,0,0,0,0.000772798,0,1,0,0,0,0,0,0,0,0,0,1,0,1,1,1,1,0,0,0,0,0,1,1
1.02E-05,0,0,2.03E-05,0,0.000477773,0,2.03E-05,0,1.02E-05,0,0,0.00337491,0,0,0.00013215,0,0,0.000162646,0,0,0.002622671,3.05E-05,0,0,1.02E-05,0,0,0,0,0,0,0,0,0,0.000243969,0,0,0,0,0,0,0,0,0,2.03E-05,0,0,1.02E-05,0.005479146,0,1.02E-05,0,0.026704482,0,0,0,0,0,0,0,0,0,5.08E-05,0.013936751,0,0,0,0,0,0,0.007613878,0.002378701,0.010754984,0,0.00077257,0.003334248,0.007227593,0,3.05E-05,0,0,2.03E-05,0,0,0,0,0,0,0,0,0,0,0,0,0,0,9.15E-05,0,4.07E-05,0,0.000813231,0,0,0,0,0,0,0,0,0,5.08E-05,0,0,0,0,0.000742074,0,0,0,0,0,0,0,0,1,1,0,0,0,0,0,0,0,1,1,1,1,1,1,1,0,0,1,1,0,1,0
0.000506971,8.45E-05,0,0,0,0,0,0.019011407,0,0.002703845,0,0,0.000253485,8.45E-05,0,0.011237854,0.013941698,0.000675961,0.002703845,8.45E-05,0.001605408,0,0.00312632,0,0,0.000760456,0,0.000337981,0,0.000844951,0,0,0,0,0.000253485,8.45E-05,8.45E-05,0,0,0,0,0,0.000506971,0.00295733,0.000422476,0.000422476,0,0,0,0,0,0,0.001605408,0.006421631,0,0,0,0,0.001098437,0,0,0,0,0,0,0,0,0,0,0.011491339,0.00278834,0.000253485,0.002450359,0.007520068,0,0,0.000337981,0,0,0,0,0,0,0,0,0,0,0,0,0,0,0.013265737,0,0,0.000591466,0,0,0,0,0.000253485,0,0.00016899,0.001689903,0,0,0,0.000760456,8.45E-05,0,0,0,0,0,0,0,0,0,0,0.000591466,0.000253485,0,0.00016899,0,0.002196874,0,0,0,1,1,0,0,1,1,1,0,0,0,1,1,0,1,0,0,1,1,0,0,1
0.006920415,0,0,0,0,0.000692042,0,0,0,0.003460208,0,0,0,0,0,0.001384083,0,0,0.006228374,0,0,0.000692042,0,0,0.000692042,0.000692042,0,0,0,0.000692042,0,0,0,0,0,0,0.000692042,0,0,0,0.010380623,0,0.002076125,0,0,0,0,0,0,0,0,0.001384083,0,0,0,0,0,0,0,0,0,0,0,0,0,0,0,0,0,0,0.002076125,0,0.011072664,0,0,0,0,0,0,0,0,0,0,0,0,0,0,0,0,0,0,0,0,0,0,0,0,0,0,0,0,0,0.001384083,0,0.000692042,0,0.003460208,0,0,0,0,0,0.000692042,0,0,0,0,0,0,0,0,0,0,0.002076125,0,1,1,0,1,1,0,1,1,1,1,0,0,1,0,0,0,0,0,0,1,0,1,0
0,0.004147742,0.000250835,0.001639388,7.17E-05,8.96E-06,0,0,0,0,0.001926057,8.96E-06,0,8.96E-06,1.79E-05,0,0.000286669,3.58E-05,0.000349378,8.96E-06,0,0,8.96E-06,7.17E-05,0.000815215,0,0,0.000358336,0,0,4.48E-05,0.000860007,0,0,2.69E-05,0,8.06E-05,0.000188127,5.38E-05,0,0.003413153,0,0.000367295,0.001997725,0,0,0,0,0,8.96E-06,0.007157766,0.00123626,0.001146676,0.000573338,0,0,1.79E-05,0,0,0,0,0,0,0,0,0,0,0,0,0,0.004335869,0.000555421,4.48E-05,0.000483754,0,0,0.000286669,0,2.69E-05,0,0,0.009200283,8.96E-06,0,0,0,0,0,0,0.012299892,0,0,0,0,0,0.000107501,2.69E-05,0,0,2.69E-05,0,0.00106605,0.000779381,0,8.96E-05,0.001451262,0.009818413,0,0,8.96E-06,0,0,0.000421045,0,0.002311269,0,0.005482545,0,0,0,0,0,0,0.004631496,0,1,0,1,1,0,0,0,0,0,0,1,1,1,1,0,0,0,0,0,0,0,0,0
0,0.003568879,0.02248394,0.003568879,0.014989293,0,0,0,0,0,0.015703069,0.001427552,0,0.000356888,0,0.000713776,0.000713776,0.000356888,0.014632405,0,0,0,0,0.026409707,0,0,0,0.00178444,0,0,0.005353319,0.002141328,0,0,0,0.000356888,0.002498216,0.003925767,0.000356888,0,0,0.003568879,0.003925767,0.010706638,0,0,0,0,0,0,0,0.000356888,0.001070664,0,0,0,0,0,0,0,0,0,0,0,0,0,0.024982156,0,0.000713776,0.014632405,0,0.000356888,0.001427552,0.00178444,0,0,0.00178444,0,0,0,0,0.000356888,0,0.004282655,0,0,0,0,0,0,0,0,0,0,0,0,0,0,0,0,0,0.001070664,0.006423983,0.000356888,0.002141328,0,0.051748751,0,0,0,0,0,0.001070664,0,0.001070664,0,0,0.000356888,0,0,0,0,0,0.000356888,0,0,0,1,0,1,0,0,1,1,0,0,1,1,0,0,0,0,0,0,0,0,0,0
0.018326693,0,0,0,0.024701195,0,0,0,0,0.001593625,0,0,0.000796813,0,0,0.004780876,0.000796813,0,0.01752988,0,0.002390438,0,0,0,0,0.001593625,0,0.001593625,0,0.000796813,0,0,0,0,0.000796813,0,0.000796813,0,0,0,0,0.002390438,0.007968127,0.001593625,0,0,0,0,0,0,0,0,0.000796813,0,0,0,0,0,0,0,0,0,0,0,0,0,0,0,0.001593625,0,0,0,0.016733068,0,0,0,0.000796813,0,0,0,0,0,0,0,0,0,0,0,0,0,0,0,0,0,0,0,0,0,0,0,0,0.000796813,0,0,0.002390438,0,0.007171315,0,0,0,0,0.000796813,0.002390438,0,0,0,0,0,0,0,0,0,0,0.000796813,0,1,0,1,1,0,0,1,1,0,1,1,0,1,1,1,0,0,0,0,1,0,1,0
0,0.000354694,0.000827619,0,0.009103807,0,0,0,0,0,0.000118231,0.009222038,0,0.006620951,0,0.000236463,0.06195318,0.000118231,0.019153464,0,0,0,0,0.00283755,0,0,0,0,0,0,0.000472925,0,0,0,0,0,0.002482856,0.000236463,0.000354694,0,0,0,0.007448569,0.001064081,0,0,0,0,0,0,0,0.001773469,0.017143533,0,0,0,0.000118231,0,0,0,0,0,0,0,0,0,0.000118231,0,0,0.000118231,0.005911563,0.002482856,0.008394419,0.000118231,0,0,0.000236463,0,0,0,0.000236463,0,0,0,0,0,0,0,0,0,0,0,0,0,0,0,0,0,0,0,0,0.000354694,0.016197683,0,0.000236463,0,0.000236463,0,0,0,0,0.000118231,0,0,0,0,0,0,0,0,0.000354694,0,0,0.007212107,0,0,0,1,0,0,0,0,0,1,0,0,0,1,0,0,0,0,0,1,1,0,0,1
0,0.006215635,0,0.006454698,0,0,0.012550801,0,0,0,0,0,0,0.003107817,0,0.000119531,0.067535262,0.000119531,0.017571121,0,0,0,0,0.0041836,0.006335166,0,0,0.00083672,0,0,0,0,0,0,0,0,0.008606263,0,0,0,0,0.01745159,0.005498446,0.009562515,0,0,0,0,0,0,0,0.007889075,0.012072675,0,0,0.000119531,0,0,0,0,0,0,0,0,0,0,0.073511834,0.00251016,0.003825006,0.000119531,0,0.003585943,0.000239063,0,0,0,0.003944537,0,0,0,0,0,0,0,0,0,0,0,0,0.000119531,0,0,0,0,0,0,0,0,0,0,0,0,0.008367201,0,0.000717189,0,0.012072675,0,0,0,0,0.000119531,0.001195314,0,0,0,0,0,0,0.001553909,0,0.000119531,0,0.001434377,0,0,0,1,0,0,0,0,0,0,0,0,0,0,0,0,0,0,0,0,0,0,0,1
0.007795889,0,0.005669738,0.007795889,0.018426648,0,0,0.000708717,0,0.000708717,0,0,0,0.000708717,0,0.000708717,0.104890149,0,0.007087172,0,0,0.000708717,0,0,0,0.000708717,0,0.003543586,0,0.000708717,0.017009213,0,0,0,0,0,0.004252303,0.002126152,0,0,0,0,0.002126152,0.007795889,0,0,0,0,0,0,0,0,0.002126152,0,0,0,0,0,0,0,0,0,0,0,0,0,0,0,0,0,0.011339476,0.006378455,0.011339476,0,0,0,0,0,0,0,0,0,0,0,0,0,0,0,0,0,0,0,0,0,0,0,0,0,0,0,0,0,0.012048193,0,0.001417434,0,0,0,0,0,0,0,0.007087172,0,0,0,0,0,0,0,0.001417434,0,0,0.007087172,0,1,0,1,0,0,0,1,1,0,0,1,0,0,0,0,0,0,0,0,0,0,0,1
0,0.001845018,0.002767528,0,0.005535055,0,0,0,0,0,0,0,0,0.000922509,0,0,0.022140221,0.000922509,0.050738007,0,0,0,0,0.000922509,0,0,0,0,0,0,0,0,0,0,0,0,0.002767528,0,0,0,0,0,0.009225092,0.007380074,0,0,0,0,0,0,0,0,0,0,0.001845018,0,0.000922509,0.000922509,0,0,0,0,0,0,0,0,0,0,0,0,0.004612546,0.001845018,0.000922509,0,0,0,0.001845018,0,0,0,0,0,0,0,0,0,0,0,0,0.000922509,0,0,0,0,0,0,0,0,0,0,0,0,0.007380074,0,0.000922509,0,0,0.02398524,0,0.000922509,0,0,0.003690037,0,0,0,0,0,0,0,0,0,0,0.010147601,0,1,1,0,0,0,0,0,0,0,1,1,1,0,1,0,1,0,0,1,1,0,0,0
0.000137137,0,0.000137137,0,0.008502468,0.000137137,0,0.000137137,0,0.000137137,0,0,0.000274273,0.000548546,0,0.003428415,0.039495337,0.000137137,0.004525507,0.000137137,0.000137137,0,0.000137137,0.000274273,0,0.000137137,0,0,0,0,0,0,0,0,0.00041141,0,0.001508502,0.000274273,0,0,0.004662644,0.025918815,0.001782776,0.008365332,0,0,0,0,0,0,0,0,0.003428415,0.000685683,0,0,0,0,0,0,0,0,0,0,0.000137137,0,0,0,0,0,0.004662644,0.000137137,0.000274273,0.000137137,0,0,0.000137137,0,0,0.000137137,0,0,0,0,0,0,0,0,0,0,0,0,0,0,0,0,0,0,0,0,0,0.000548546,0.001508502,0,0.002605595,0,0.0112452,0.003291278,0,0,0,0.000137137,0.001371366,0,0,0,0,0,0.000137137,0,0,0,0,0.00521119,0,1,1,1,0,1,0,0,0,0,0,0,0,0,1,1,1,0,0,0,1,0,0,0
0,0.001208703,0.021756648,0,0.010475423,0,0.001208703,0,0.010072522,0,0,0,0,0.000402901,0,0,0.024979855,0.000402901,0.012489927,0,0,0,0,0.006446414,0.013295729,0,0,0.002014504,0.001208703,0,0.01369863,0,0,0,0,0,0.002820306,0.003223207,0,0,0,0.000402901,0.012489927,0.008460919,0,0,0,0,0,0,0.000402901,0.020950846,0.004834811,0,0,0,0,0,0,0,0,0,0,0,0,0,0,0,0.000402901,0,0.006849315,0.003223207,0.000402901,0,0,0,0,0,0,0,0,0.000402901,0,0,0,0,0,0,0,0,0,0,0,0,0,0,0,0,0,0,0,0,0.010878324,0,0.000402901,0.002417405,0.029008864,0,0,0,0,0,0.004029009,0,0.001208703,0,0,0,0,0,0,0,0,0.000402901,0,0,0,1,0,0,0,0,0,0,0,0,0,1,0,0,0,0,0,0,0,0,0,1
0,0.000946522,0.00023663,0,0.013014671,0,0,0,0,0,0.012778041,0,0,0.00023663,0,0,0.00023663,0.001419782,0.005679129,0,0,0,0,0.001183152,0,0,0,0,0,0,0.000473261,0,0,0,0,0,0.003549456,0.001419782,0,0,0.00591576,0.000473261,0.002366304,0.006862281,0,0,0,0,0,0,0,0,0.003549456,0,0,0,0.00023663,0.00023663,0,0,0,0,0,0,0,0,0.003549456,0,0.000946522,0.002366304,0.002602934,0,0.000709891,0,0,0,0.00023663,0,0.00023663,0,0,0.01845717,0,0,0,0,0,0,0,0,0,0,0,0,0,0,0,0,0,0,0,0,0.010884998,0,0.00023663,0,0.001893043,0,0,0,0,0,0,0,0.002602934,0,0,0,0,0,0,0,0,0.007808803,0,0,0,1,0,0,0,0,0,0,0,0,0,0,0,0,0,0,0,0,0,0,0,1
0.000149903,0.00059961,0.004197272,0,0.004946785,0,0,0,0,0.000149903,0.008244641,0,0,0.004497077,0.000149903,0.001199221,0.000899415,0.000149903,0.012441913,0,0,0,0,0.003297856,0,0,0,0.000149903,0,0,0.000449708,0,0,0,0,0,0,0.000899415,0.000449708,0,0.000149903,0.000899415,0.007645031,0.000899415,0,0,0,0,0,0,0.000149903,0,0.003147954,0,0,0,0,0,0,0,0,0,0,0,0,0,0,0,0.000449708,0.027282267,0.000149903,0.001349123,0.000899415,0,0,0,0.000149903,0,0.000149903,0,0,0.002698246,0,0,0,0,0,0,0,0,0,0.003597662,0,0,0,0.000299805,0.000149903,0,0,0,0,0,0.002698246,0,0.000299805,0,0.000449708,0,0,0,0,0.000149903,0,0,0,0,0,0.000149903,0,0,0,0,0,0,0,1,0,1,0,1,0,0,0,0,0,1,0,0,0,0,1,0,0,1,1,0,1,1
0.001673258,0.000152114,0.00380286,0,0.001521144,0.000456343,0,0,0.014755096,0.000456343,0,0,0,0.003650745,0,0.001064801,0.056434439,0.000304229,0.00380286,0.000152114,0,0,0,0.000912686,0,0.000304229,0,0,0,0.000304229,0.000608458,0,0,0,0,0,0.001216915,0.003346517,0,0,0,0,0.002738059,0.011712808,0,0,0,0,0,0,0,0.000608458,0.014146638,0,0,0,0.000304229,0,0,0,0,0,0,0,0,0,0,0,0.001064801,0.034529967,0.000456343,0.006845148,0.006693033,0.002281716,0,0,0,0,0,0,0,0.00136903,0,0,0,0,0,0,0,0.000152114,0,0,0,0,0,0,0,0,0,0,0,0,0.014755096,0,0.000456343,0.001521144,0.008366291,0,0,0.000152114,0,0.000152114,0.004259203,0,0,0,0,0,0,0,0,0,0,0.001825373,0,1,0,1,0,0,0,0,0,0,0,1,0,1,0,0,1,0,0,1,1,1,0,1
0.010559744,0,0,0,6.45E-06,0.000322731,0,6.45E-05,0,0.008003718,0,0,0.001045647,1.29E-05,0,0.007745533,3.87E-05,6.45E-06,0.001710472,1.29E-05,0.000219457,0,0,0,0,0.002549571,2.58E-05,0,0,0.000793917,1.94E-05,0,6.45E-06,2.58E-05,9.04E-05,6.45E-06,2.58E-05,1.29E-05,0,0,0,6.45E-06,0.004602138,0.000484096,6.45E-06,0,2.58E-05,4.52E-05,1.29E-05,0,0,0,2.58E-05,0,0,0,0,0,1.29E-05,0.000245275,1.29E-05,6.45E-06,0.009894919,1.94E-05,0,6.45E-06,0,0,0.000148456,0.000135547,0.001813746,6.45E-06,0.005847878,0.003337034,0,0,0,6.45E-06,0,1.94E-05,0,0,6.45E-05,0,0,0,0,0,0,0,6.45E-06,0,1.29E-05,6.45E-06,0,0,1.94E-05,0,0,0,1.94E-05,0.004408499,0.000426004,0,0.001645926,0,0,0,6.45E-06,0,6.45E-06,2.58E-05,0.000180729,1.29E-05,0,6.45E-06,0,0,2.58E-05,0,0,1.29E-05,0,0.002123567,1.29E-05,1,0,1,0,1,0,0,0,0,0,0,0,0,1,1,0,0,0,1,0,0,1,1
0,0.000667111,0.018012008,0,0.004002668,0,0,0,0,0,0.004002668,0,0,0,0,0,0.018679119,0,0.011340894,0,0,0,0,0.002668446,0,0,0,0,0,0,0.002001334,0,0,0,0,0,0.002668446,0.00466978,0,0,0,0,0,0.006671114,0,0,0,0,0,0,0,0,0,0,0,0,0,0,0,0,0,0,0.01400934,0,0,0,0.021347565,0,0.003335557,0.062708472,0.002001334,0,0.000667111,0,0.000667111,0,0.000667111,0,0,0,0,0.000667111,0,0,0,0,0,0,0,0,0,0,0,0,0,0,0,0,0,0,0,0,0.004002668,0,0.001334223,0,0.025350233,0,0,0,0,0,0.000667111,0,0.002668446,0,0,0,0,0,0,0,0,0.000667111,0,1,1,1,0,1,0,0,0,0,0,1,0,1,0,0,0,0,0,0,0,0,0,0
0.001644311,8.94E-06,8.94E-06,0,8.94E-06,0,0,0.000214475,0,0.001546009,8.94E-06,0,0.000509379,0,0,0.001983896,0.064065558,0,0.009526278,5.36E-05,0.000536188,8.94E-06,4.47E-05,0,0,0.000822155,8.94E-06,0,0,0.000178729,0,0,8.94E-06,0,7.15E-05,4.47E-05,0.014959652,0,0,0,0,4.47E-05,0.002511148,0.002269864,8.94E-06,1.79E-05,8.94E-06,0,2.68E-05,0.00045576,0,0,0.001206424,0.000330649,0,0,0,0,0.000169793,0,1.79E-05,8.94E-06,0,1.79E-05,0,8.94E-06,0,0,0,8.94E-06,0.009687134,0.002573704,0.002350292,8.94E-06,0,8.94E-05,0,8.94E-06,0,8.94E-06,0,0,1.79E-05,0,0,0,0,0,0,0,0,0,0,1.79E-05,8.94E-06,0,0,0,8.94E-06,0,1.79E-05,7.15E-05,0.007855158,0,0.005415501,0,0,0,2.68E-05,0,0.003145638,2.68E-05,0,3.57E-05,8.94E-06,2.68E-05,0,0,8.94E-06,0,0,2.68E-05,8.94E-06,0.010008847,8.94E-06,1,1,0,0,0,0,0,0,0,0,1,0,0,1,1,0,0,0,0,0,0,1,0
0,0.000865801,0.004617605,0.002308802,0.003751804,0,0.000577201,0,0.0002886,0,0,0.002886003,0,0.0002886,0,0.0002886,0.024242424,0.0002886,0.004329004,0,0,0,0,0.003751804,0.002020202,0,0,0.003463203,0,0,0.003751804,0,0,0,0,0,0.001154401,0.002308802,0,0,0,0,0.006349206,0.002597403,0,0,0,0,0,0,0.000577201,0.002597403,0.000577201,0,0.0002886,0,0,0,0,0,0,0,0,0,0,0,0,0,0.000865801,0.015007215,0.001731602,0.000577201,0,0,0,0,0.0002886,0,0.000577201,0,0,0.000577201,0,0,0,0,0.0002886,0,0,0,0,0,0,0,0,0,0,0,0,0,0,0,0.002597403,0,0.000577201,0.013564214,0.017027417,0.000865801,0,0,0,0,0,0,0.01038961,0,0,0,0,0,0.0002886,0,0,0.0002886,0,0,0,1,0,0,0,0,0,0,0,0,0,1,0,0,0,0,0,1,1,0,1,0
0,0.002281903,0.002808496,0.000175531,0.020361594,0,0,0,0,0,0,0.010356328,0,0.000877655,0,0,0.041425312,0.000175531,0.040372126,0,0,0,0,0.004037213,0,0,0,0,0,0,0.002106372,0,0,0,0,0,0.006494646,0.019308408,0,0,0,0,0,0,0,0,0,0,0,0,0.000526593,0,0,0,0,0,0.000877655,0.000351062,0,0,0,0,0,0,0,0,0,0,0.000175531,0.000175531,0.001404248,0.002808496,0.001228717,0.000175531,0,0,0.002106372,0,0.000175531,0,0.000175531,0.017377567,0,0,0,0,0,0,0,0,0,0,0,0,0,0,0,0,0,0,0,0,0,0,0.001053186,0.000175531,0.000702124,0.001404248,0,0,0,0,0,0,0.000351062,0,0,0.000702124,0,0.001579779,0.001053186,0,0,0.000702124,0,0,1,1,0,0,0,0,0,0,0,1,0,1,0,0,1,0,0,0,0,0,0,0
0,0,0.000981997,0,0.001472995,0,0,0,0,0.000163666,0,0,0,0.000163666,0,0.000163666,0,0,0.000163666,0,0,0,0,0,0,0.000163666,0,0,0,0,0.000490998,0,0,0,0,0,0,0.000981997,0,0,0,0,0,0,0,0,0,0,0,0,0,0,0.013256956,0,0,0,0,0,0,0,0,0,0,0,0,0,0,0,0.204418985,0,0,0,0,0,0,0,0,0,0,0,0,0,0,0,0,0,0,0,0,0,0,0,0,0,0,0,0,0,0,0,0,0,0,0,0,0,0,0,0,0,0,0,0,0,0,0,0,0,0,0,0,0,0,0,0,1,0,1,0,1,1,0,0,0,0,1,0,0,0,0,1,0,0,0,0,1,0,1
0.032017981,0,3.50E-05,0,0.000148677,0.002999773,0,0.000734638,0,0.022808767,0,0,0.005107485,1.75E-05,0,0.025432475,0.013617044,0,0.006655472,0.000209897,0.003839359,0.000419793,8.75E-05,9.62E-05,0,0.005098739,0,0,0,0.000192405,0.000787112,0,0,9.62E-05,0.000498504,7.87E-05,0.001784121,0.000411048,0,0,0.000297354,0.003515768,0.001005755,0.003078484,8.75E-06,7.00E-05,1.75E-05,3.50E-05,0.000253625,0,0,0,0.002807367,0.000603453,0,0,0,0,0,0,0,2.62E-05,0,7.87E-05,0,1.75E-05,0,0,0,8.75E-06,0.002160186,0.000515996,0.08192965,0.000367319,0,0,0,5.25E-05,0,8.75E-06,0,0,0.000411048,0,0,0,0,0,0,0,0.000131185,8.75E-05,3.50E-05,0,1.75E-05,0,0,0,0,0,1.75E-05,0.000218642,0.00113694,0,0.004049256,0,0.008736947,0,7.00E-05,0,0,7.87E-05,0,4.37E-05,0,2.62E-05,8.75E-06,0,0.001268125,0,0,8.75E-05,0,0.002107712,0.001040737,1,0,1,1,0,0,0,0,0,0,1,0,1,0,0,0,0,0,1,0,0,1,1
9.43E-05,0.003112327,0.001980572,0,0.00226351,0,0,0,0,0.000848816,0,0.000754503,0,0.000565878,0,0.000471565,9.43E-05,9.43E-05,0.00613034,9.43E-05,0,0,0,0.003300953,0,0.000282939,0,0.000282939,0,9.43E-05,0,0,0,0,0.000282939,0,0,9.43E-05,0.000188626,0,0,0,0.000754503,0.002735075,0,0,0,0,0,0,0,9.43E-05,0.00320664,0,0.001980572,0,9.43E-05,0,0,0,0,0,0,0,0,0,0,0,0,9.43E-05,0.000377252,0.000282939,0.022352164,0.00547015,0,0,0.000377252,0,0,0,9.43E-05,0.001131755,0,0,0,0,0,0,0,0,9.43E-05,0,0,0,0,9.43E-05,0,0,0,0,0,0,0.006224653,0,0.000848816,0,0.042440819,0.002640762,0.000377252,0,0,9.43E-05,0,0,0.019994341,0,0,9.43E-05,0,0,0.000188626,0,0,0.000660191,0,1,0,1,0,0,0,0,1,0,0,1,0,0,1,1,1,1,0,0,0,0,0,1
0,0.001675042,0.00307091,0.001116695,0.018983808,0,0,0,0.016471245,0,0.001395868,0.000279174,0,0.000279174,0,0.000279174,0.001116695,0.000279174,0.009491904,0,0,0,0,0.002233389,0.003629257,0,0,0.000279174,0.000279174,0.000279174,0.001954216,0.001116695,0,0,0.000279174,0,0.002512563,0.001395868,0,0,0.000279174,0.001675042,0.003908431,0.004187605,0,0,0,0,0,0,0.000837521,0.007537688,0.016471245,0,0,0,0.000279174,0,0,0,0,0,0,0,0,0,0,0,0.000558347,0,0.007258515,0.007537688,0.002791736,0,0.001116695,0,0.000279174,0,0.000279174,0,0,0.003629257,0,0,0,0,0,0,0,0,0,0,0,0,0,0,0,0,0,0,0,0.001116695,0.001116695,0,0.000279174,0.000558347,0.019262982,0,0,0,0,0,0.005304299,0,0.001395868,0,0,0,0,0,0,0,0,0.000558347,0,1,1,1,0,0,0,0,0,0,1,0,0,0,1,0,0,0,0,0,0,0,0,0
0.000152416,0.000152416,0.000152416,0,0.009754611,0,0.005334553,0,0,0,0.004572474,0,0,0.003962811,0,0,0.005334553,0.000152416,0.011126353,0,0,0,0,0.000457247,0.013260174,0,0,0,0,0,0.000457247,0,0,0,0,0,0.009602195,0.009449779,0,0,0.013717421,0,0.022252705,0.002743484,0,0,0,0,0,0,0,0.013107758,0.001219326,0,0,0,0,0,0,0,0,0,0,0,0,0,0,0.000152416,0,0.000152416,0.020118884,0.000152416,0.000152416,0,0,0,0,0,0.000152416,0,0,0.001066911,0,0,0.000152416,0,0,0,0,0,0,0.000152416,0,0,0,0,0,0,0,0,0,0,0.001524158,0.000457247,0.000304832,0,0.001219326,0,0,0,0,0,0.001371742,0,0.000304832,0,0,0,0,0,0,0,0,0.025605853,0,1,0,1,1,1,0,0,0,0,0,0,1,1,0,0,0,0,0,0,0,0,0,1
8.18E-05,0.001063569,0.008672175,0.000490878,0.002618015,0,0,0,0.007444981,8.18E-05,0.019635114,0.000409065,8.18E-05,8.18E-05,0,8.18E-05,0.001390821,8.18E-05,0.000981756,8.18E-05,0,0,0,0.004745153,0,0.000163626,0,0.000654504,0,0,0.004745153,0,0,0,0,0,0.001881698,0.002945267,0,0,0,0,0.000327252,0.002863454,0,0,0,0,0,0,0.000572691,0,8.18E-05,0,0,0,0,0,0,0,0,0,0,0,0,0,0,0,0.002454389,0.02969811,0.000409065,8.18E-05,0.000981756,0,0,0,0.000409065,0,8.18E-05,0,0,0.000736317,0,0,0,0,8.18E-05,0,0,0,0,0,0,0,0,0,0,0,0,0,0,0,0.005154217,0.002045324,0.001063569,0.000736317,0.004908779,0,0,0,0,8.18E-05,0.000409065,0,0.000163626,0,0,0,8.18E-05,0,0,0,0,0.00163626,0.000490878,1,0,1,1,0,0,0,0,0,1,0,0,1,0,0,1,0,0,0,0,0,0,1
0,0,0,0,0.001113586,0,0,0,0,0,0,0,0,0.001113586,0,0,0,0,0.008908686,0,0,0.001113586,0,0,0,0,0,0,0,0,0,0,0,0,0,0,0.001113586,0,0,0,0,0,0.008908686,0.004454343,0,0,0,0,0,0,0,0,0.001113586,0,0.002227171,0,0,0,0,0,0,0,0,0,0,0,0,0,0,0,0,0.001113586,0,0,0,0,0.001113586,0,0,0,0.006681514,0,0,0,0,0,0,0,0,0.001113586,0,0.013363029,0,0,0,0,0,0,0,0,0,0,0.001113586,0,0,0,0.033407572,0,0,0,0,0,0,0,0,0,0,0,0,0,0,0,0,0,0,1,0,1,0,0,0,0,1,1,0,1,1,0,0,0,1,0,0,0,0,0,1,1
0,0.004063205,0.007674944,9.03E-05,0.0303386,0,0.001896163,0,0.026546275,0,0.010925508,0.000361174,0,0.000902935,0,0,0.030158014,9.03E-05,0.014446953,9.03E-05,0,0,0,0.003340858,0.000451467,0,0,0.001986456,0,0,0.00027088,9.03E-05,0,0,0,0,0.008036117,0.009480813,0.000180587,0,0,0,0.002257336,0.006320542,0,0,0,0,0,0,0.001083521,0.02275395,0.001534989,0,0,0,9.03E-05,9.03E-05,0,0,0,0,0,0,0,0,0,9.03E-05,0,0.114672686,0.005688488,0.006320542,9.03E-05,0,0.00027088,0,0.00027088,0,0,0,0,0.001083521,0,0,0,0,0,0.005598194,0.002076749,9.03E-05,0,0,0,0,0,0,0,0,0,0,0,0,0.013634312,0,0.001173815,0,0.00261851,0.000180587,0,0.00027088,0,9.03E-05,0.001805869,0,0.00027088,0,0,0,0,0,0,0,0,0.00469526,0,0,0,1,0,0,0,1,0,0,0,1,0,0,0,0,0,0,0,0,0,0,0,1
0.008305648,0,0,0,0,0,0,0,0,0.002214839,0,0,0.00055371,0,0,0.004429679,0.004429679,0,0.00110742,0.002214839,0.00055371,0.00055371,0,0.00055371,0.00110742,0.002214839,0,0,0,0.002768549,0,0,0,0,0.00166113,0.00166113,0.00110742,0,0,0,0.021594684,0,0.004429679,0,0,0,0,0,0,0,0,0.002214839,0.00110742,0.00055371,0,0,0,0,0,0.00055371,0,0,0,0,0,0,0,0,0,0,0.00166113,0.00055371,0.045404208,0.00055371,0,0,0,0.00055371,0,0,0,0,0,0,0,0,0,0,0,0,0,0.00055371,0,0,0,0,0,0,0,0,0,0.006644518,0,0,0.00055371,0,0.00166113,0,0.00055371,0,0.00055371,0,0.00055371,0.00055371,0,0,0,0,0,0,0.00055371,0,0,0.00055371,0,1,1,1,1,1,0,0,0,0,0,1,0,1,0,0,1,0,0,0,1,0,1,0
0.000182017,0.000242689,0.002608907,0.000121344,0.002305545,6.07E-05,0,0,0,0,0,0,6.07E-05,0.000182017,0,0.000242689,0.007462687,6.07E-05,0.013893945,0.000121344,0,0,0,0.002062856,0,6.07E-05,0,0.001516806,0,6.07E-05,0.00188084,0,0,0,0,0,0.000121344,0.001820167,0,0,0,0,0.001516806,0.002548234,0,0,0,0,0,0,0,0,0.003154957,0,0,0,6.07E-05,0,0,0,0,0,0,0,0,0,0,0,0,0,0.011952433,0.000303361,0.000242689,0.000242689,0,0,6.07E-05,0,0,0,0,0.004732435,0,0,0,0,0,0,0,0,0,0.00728067,0,0,0,6.07E-05,6.07E-05,0,0,0,0,0.001456134,0.008676132,0,0.000970756,0.001941512,0.011649072,0.001395462,0,0,0,6.07E-05,0.000242689,0,0.003458318,0,6.07E-05,0,0,0,0,6.07E-05,0,0.012316466,0,1,1,0,0,0,0,0,0,0,0,1,0,1,0,0,1,0,0,1,1,0,0,0
0.001923077,0,0.017307692,0,0.011538462,0,0.017307692,0,0,0,0,0.009615385,0,0.000961538,0,0.015384615,0.000961538,0.000961538,0.000961538,0,0,0,0,0.006730769,0,0,0,0.005769231,0,0,0,0,0,0,0,0,0,0.001923077,0,0,0.000961538,0,0.007692308,0,0,0,0,0,0,0,0,0,0.006730769,0,0,0,0,0,0,0,0,0,0,0,0,0,0,0,0,0,0,0.002884615,0.000961538,0.007692308,0,0,0.001923077,0,0,0,0,0,0,0,0,0,0,0,0,0.000961538,0,0,0,0,0,0,0,0,0,0,0,0,0,0,0,0,0.000961538,0,0,0,0,0,0,0,0,0,0,0,0,0,0,0,0,0.000961538,0,1,1,0,0,0,0,0,0,0,1,0,1,1,1,0,0,1,0,0,0,0,0,1
0.017704739,0.002542219,0.012529508,0.000544761,0.017069185,0,0,0,0.06419103,0.001634284,0,0,0.000181587,0.000363174,0,0.000817142,0.016342836,9.08E-05,0.014163792,9.08E-05,9.08E-05,0,0,0.005538406,0.002088251,0.001815871,0,0.001815871,0,0.001815871,0.002723806,9.08E-05,0,0,0,9.08E-05,0.005629199,0.001361903,0,0,0.003631741,0.031686944,0.008897766,0.001906664,0,0,0,0,0,0,0.000363174,0.00435809,0.003268567,0,0,0,0,0,0,0,0,0,0,0,0,0,0,0,0.004085709,0.051843109,0.005629199,0.001271109,0.003268567,0,9.08E-05,0,0.000907935,0,0,0,0,9.08E-05,0,0,0,0,0,0,0,9.08E-05,0.000272381,0,0,0,0,0,0,0,0,0,0,0,0.007354276,0,0.003450154,0,0.039858362,0,9.08E-05,0,0,9.08E-05,0.000817142,9.08E-05,0.000453968,0,0,0,9.08E-05,0,0.000272381,0,0,0.009260941,0,0,0,0,0,0,0,0,0,0,0,1,0,0,0,0,0,0,0,0,0,0,0,1
0.020319303,0,0,0,0,0,0,0,0,0.01233672,0,0,0,0,0,0.008708273,0,0,0.033381713,0,0,0.002177068,0,0,0,0.007256894,0,0,0,0.005079826,0,0,0,0,0,0,0,0,0,0,0.000725689,0.010885341,0,0.013062409,0,0,0,0,0,0,0,0,0,0,0,0,0,0,0,0,0,0,0,0,0,0,0,0,0.001451379,0,0.121190131,0,0.006531205,0.000725689,0,0,0,0.000725689,0,0,0,0,0,0,0,0,0,0,0,0,0,0,0,0,0,0,0,0,0,0,0,0,0,0,0,0,0,0,0,0,0,0,0,0,0,0,0,0,0,0,0,0,0,0.11030479,0,0,0,1,0,0,0,1,1,1,0,0,0,0,0,0,0,0,0,1,1,0,0,1
0.009317296,0,0,0,0,0,0,0,0,0,0.002032865,0,0,0.000169405,0,0.03489751,0.033203456,0,0.005420972,0,0,0,0,0,0,0,0,0,0,0,0,0,0,0,0,0,0,0,0,0,0.013891242,0.008470269,0.001016432,0.003896324,0,0,0,0,0,0,0,0,0.001185838,0,0,0,0,0,0,0,0,0,0,0,0,0,0,0,0,0,0.001694054,0,0.000169405,0,0,0,0,0,0,0,0,0,0,0,0,0,0,0,0,0,0,0,0,0,0,0,0,0,0,0,0,0,0.049974589,0,0.001016432,0,0,0,0,0,0,0.000169405,0.000169405,0,0,0,0,0,0.000508216,0,0,0,0,0.0220227,0,1,1,0,0,0,1,1,1,1,1,1,0,1,1,0,1,0,1,0,0,0,1,1
0,0,0,0,0,0,0,0,0,0,0,0,0,0,0,0.000329272,0.003951268,0,0.006585446,0,0,0,0,0,0,0,0,0,0,0,0,0,0,0,0.000329272,0,0.000329272,0,0,0,0.007243991,0.026341785,0.009548897,0.002304906,0,0,0,0,0,0,0,0.045439579,0.000658545,0,0,0,0,0,0,0.000329272,0,0,0,0,0,0,0,0,0,0,0.006914718,0.014817254,0,0,0,0,0,0,0,0,0,0,0,0,0,0,0,0,0,0,0,0,0,0,0,0,0,0,0,0,0,0,0.000329272,0,0,0,0,0,0,0,0,0,0,0,0,0,0,0,0,0,0,0.000329272,0,0.011853803,0,0,0,0,0,0,1,0,1,0,1,0,1,0,1,1,0,1,0,0,0,0,0,0
0.003274693,7.62E-05,0.007234788,0,0.000152311,0,0,0.000380778,7.62E-05,0.003579316,0,0,0.000152311,0.000380778,0,0.002513137,0.012413373,0.000152311,0.005559363,0.000228467,0.000380778,0,0,0.004950118,0,0.002208514,7.62E-05,0,0,0.000837712,0.008681745,0,0,0,0.000609245,7.62E-05,0.002360826,0.012337217,0,0,0.000228467,0.002970071,0.003579316,0,0,0,0,0.000228467,0,0,0,0,0.002208514,0.000152311,0,0,0,0,0,0,0,0,0,0,0,0,0,0,0.004264717,7.62E-05,0.000304623,0.000685401,0.020562029,0.003274693,0,0,0,0,0,7.62E-05,0,0,7.62E-05,0,0,0,0,0,0,0,7.62E-05,0,0,0,0,0,0,0.000228467,0,0,0,0,0.004950118,0,0.000152311,0,0.030005331,0,7.62E-05,0,0,7.62E-05,0.003198538,0.000228467,0,7.62E-05,0,0,0.000228467,0,0,7.62E-05,7.62E-05,0.000304623,0,1,0,1,1,1,0,0,0,0,0,1,1,0,0,0,1,0,0,0,0,1,1,1
0.000119703,0.004069907,0.008858032,0,0,0.000837922,0,0,0,0.000119703,0,0,0,0.007301891,0,0.000598516,0.002992578,0.001436438,0.000718219,0,0,0,0,0,0,0.000119703,0,0,0,0.000119703,0,0,0.000119703,0,0.000119703,0,0.004069907,0,0,0,0.005266938,0.003231985,0,0.000957625,0,0,0,0,0,0.000239406,0,0.000119703,0.031481925,0,0,0,0.000718219,0,0,0,0,0,0,0,0,0,0,0,0.006942782,0,0,0.00610486,0.023102705,0.004548719,0,0,0.00227436,0,0,0.000119703,0,0,0,0,0,0,0,0,0,0,0,0,0,0,0,0,0,0,0,0.000119703,0,0.011970314,0.000119703,0,0.000359109,0,0,0,0,0,0,0,0,0,0,0,0,0,0.000119703,0,0,0,0.000119703,0,0,1,1,1,0,0,0,0,0,0,0,1,1,1,1,0,1,0,0,0,0,0,0,0
0,0,0.000721501,0,0.016594517,0,0,0,0,0,0,0.000721501,0,0.001443001,0,0,0.091630592,0,0.063492063,0,0,0,0,0.01010101,0,0,0,0,0,0,0,0,0,0,0,0,0.000721501,0,0,0,0.013708514,0,0.005050505,0.001443001,0,0,0,0,0,0,0,0,0.01010101,0,0,0,0,0,0,0,0,0,0,0,0,0,0,0,0,0,0,0.000721501,0.000721501,0,0,0,0,0,0,0,0,0,0,0,0,0,0,0,0,0.001443001,0,0,0,0,0,0,0,0,0,0,0,0,0,0,0.000721501,0,0.005050505,0,0,0,0,0,0,0,0,0,0,0,0,0,0,0,0,0,0,1,1,0,0,0,0,0,0,0,0,1,1,1,1,1,0,0,0,0,0,0,0,0
